trip,flight,route,departure,arrival,supplierconfirmationnumber,bookingsiteconfirmationnumber,agencyconfirmationnumber,ticketnumber,purpose,aircraft_registration,aircraft_type,seat,class,notes,cost
2005 Tasmania Trip,QF969,TSV-BNE,2005-01-21T06:00:00+10:00,2005-01-21T07:45:00+10:00,,,,,L,,,,,,
2005 Tasmania Trip,QF613,BNE-MEL,2005-01-21T08:50:00+10:00,2005-01-21T12:05:00+11:00,,,,,L,,,,,,
2005 Tasmania Trip,QF2717,MEL-DPO,2005-01-21T12:40:00+11:00,2005-01-21T13:55:00+11:00,,,,,L,,,,,,
2005 Tasmania Trip,DJ705,HBA-BNE,2005-02-01T13:20:00+11:00,2005-02-01T14:55:00+10:00,,,,,L,VH-VUB,738,,,,
2005 Tasmania Trip,DJ665,BNE-TSV,2005-02-01T18:05:00+10:00,2005-02-01T20:00:00+10:00,,,,,L,,,1F,,,
DSEP Trip #1,QF795,CBR-MEL,2006-09-02T06:45:00+10:00,2006-09-02T07:50:00+10:00,,,,,B,,734,,,,
DSEP Trip #1,QF1011,MEL-HBA,2006-09-02T08:35:00+10:00,2006-09-02T09:50:00+10:00,,,,,B,,73H,,,,
DSEP Trip #1,QF1012,HBA-MEL,2006-09-04T17:00:00+10:00,2006-09-04T18:10:00+10:00,,,,,B,,734,,,,
DSEP Trip #1,QF822,MEL-CBR,2006-09-04T18:50:00+10:00,2006-09-04T19:55:00+10:00,,,,,B,,734,,,,
2006 Tasmania Trip,DJ710,CBR-MEL,2006-11-10T06:50:00+11:00,2006-11-10T07:55:00+11:00,,,,,L,,,,,,
2006 Tasmania Trip,DJ602,MEL-LST,2006-11-10T08:25:00+11:00,2006-11-10T09:25:00+11:00,,,,,L,,,,,,
2006 Tasmania Trip,DJ609,LST-MEL,2006-11-26T16:35:00+11:00,2006-11-26T17:35:00+11:00,,,,,L,,,,,,
2006 Tasmania Trip,DJ723,MEL-CBR,2006-11-26T18:05:00+11:00,2006-11-26T19:05:00+11:00,,,,,L,,,,,,
2007 Launceston Trip,DJ720,CBR-MEL,2007-07-06T17:00:00+10:00,2007-07-06T18:05:00+10:00,,,,,L,,,,,,
2007 Launceston Trip,DJ612,MEL-LST,2007-07-06T21:00:00+10:00,2007-07-06T22:05:00+10:00,,,,,L,,,,,,
2007 Launceston Trip,DJ609,LST-MEL,2007-07-08T16:45:00+10:00,2007-07-08T17:45:00+10:00,,,,,L,,,,,,
2007 Launceston Trip,DJ723,MEL-CBR,2007-07-08T18:15:00+10:00,2007-07-08T19:20:00+10:00,,,,,L,,,,,,
LOED Trip #1,QF1434,CBR-SYD,2007-10-29T17:35:00+11:00,2007-10-29T18:25:00+11:00,,,,,B,,,,,,
LOED Trip #1,QF1441,SYD-CBR,2007-11-01T18:15:00+11:00,2007-11-01T19:05:00+11:00,,,,,B,,,,,,
LOED Trip #2,ZL782,ABX-SYD,2007-11-16T16:55:00+11:00,2007-11-16T18:15:00+11:00,,,,,B,,SF3,,,"Sat in the second row, no idea what the seat number was.",
LOED Trip #2,QF459,SYD-MEL,2007-11-18T18:00:00+11:00,2007-11-18T19:30:00+11:00,,,,,B,,763,,,,
LOED Trip #2,QF822,MEL-CBR,2007-11-23T18:55:00+11:00,2007-11-23T20:00:00+11:00,,,,,B,,734,,,,
2007 Christmas Trip,DJ559,CBR-BNE,2007-12-15T12:40:00+11:00,2007-12-15T13:15:00+10:00,,,,,L,VH-YUM,738,,,,
2007 Christmas Trip,DJ661,BNE-TSV,2007-12-15T14:15:00+10:00,2007-12-15T16:10:00+10:00,,,,,L,VH-VOD,738,,,,
Taiwan Trip,JQ57,CNS-SIN,2008-01-02T13:55:00+10:00,2008-01-02T19:40:00+08:00,,,,,L,9V-JSA,320,12C,,Got the whole exit row to myself.,
Taiwan Trip,3K521,SIN-TPE,2008-01-03T13:00:00+08:00,2008-01-03T17:40:00+08:00,,,,,L,,,11A,,Got the whole exit row to myself.,
Taiwan Trip,AE272,KHH-TSA,2008-01-09T12:00:00+08:00,2008-01-09T12:50:00+08:00,,,,,L,B-12291,100,19C,,,
Taiwan Trip,JQ522,TPE-SIN,2008-01-14T18:25:00+08:00,2008-01-14T23:05:00+08:00,,,,,L,,,12C,,,
Taiwan Trip,TR702,SIN-DRW,2008-01-16T18:10:00+08:00,2008-01-16T00:15:00+09:30,,,,,L,9V-TAE,320,19D,,,
Taiwan Trip,DJ442,DRW-BNE,2008-01-17T01:30:00+09:30,2008-01-17T05:45:00+10:00,,,,,L,,,,,,
Taiwan Trip,DJ1214,BNE-CBR,2008-01-17T09:15:00+10:00,2008-01-17T12:00:00+11:00,,,,,L,,,,,,
2008 Tassie Trip 1,QF853,CBR-MEL,2008-07-11T13:20:00+10:00,2008-07-11T14:25:00+10:00,,,,,L,,,24D,,,
2008 Tassie Trip 1,QF2285,MEL-LST,2008-07-11T15:20:00+10:00,2008-07-11T16:40:00+10:00,,,,,L,,,,,,
2008 Tassie Trip 1,QF2286,LST-MEL,2008-07-13T17:00:00+10:00,2008-07-13T18:20:00+10:00,,,,,L,,,12C,,,
2008 Tassie Trip 1,QF822,MEL-CBR,2008-07-13T19:00:00+10:00,2008-07-13T20:05:00+10:00,,,,,L,,,19C,,,
2008 Tassie Trip 2,DJ716,CBR-MEL,2008-11-08T13:15:00+11:00,2008-11-08T14:20:00+11:00,,,,,L,,,,,,
2008 Tassie Trip 2,DJ608,MEL-LST,2008-11-08T17:00:00+11:00,2008-11-08T18:05:00+11:00,,,,,L,,,,,,
2008 Tassie Trip 2,DJ1155,LST-SYD,2008-11-09T13:20:00+11:00,2008-11-09T14:55:00+11:00,,,,,L,,,,,,
2008 Tassie Trip 2,DJ932,SYD-CBR,2008-11-09T17:35:00+11:00,2008-11-09T18:30:00+11:00,,,,,L,,,5D,,,
2008 Tassie Trip 3,QF853,CBR-MEL,2008-11-14T13:20:00+11:00,2008-11-14T14:30:00+11:00,,,,,L,VH-TJM,734,21D,,,
2008 Tassie Trip 3,QF2285,MEL-LST,2008-11-14T15:15:00+11:00,2008-11-14T16:35:00+11:00,,,,,L,VH-SBI,DH3,12C,,,
2008 Tassie Trip 3,QF2286,LST-MEL,2008-11-16T17:00:00+11:00,2008-11-16T18:20:00+11:00,,,,,L,,,5B,,,
2008 Tassie Trip 3,QF822,MEL-CBR,2008-11-16T19:00:00+11:00,2008-11-16T20:05:00+11:00,,,,,L,,,26C,,,
2008 Tassie Trip 4,QF795,CBR-MEL,2008-12-06T06:40:00+11:00,2008-12-06T07:50:00+11:00,,,,,L,VH-VYJ,738,13D,,,
2008 Tassie Trip 4,QF2053,MEL-DPO,2008-12-06T12:00:00+11:00,2008-12-06T13:15:00+11:00,,,,,L,VH-TQZ,DH3,8C,,,
2008 Tassie Trip 4,QF2052,DPO-MEL,2008-12-07T10:00:00+11:00,2008-12-07T11:15:00+11:00,,,,,L,VH-TQZ,DH3,4C,,,
2008 Tassie Trip 4,QF812,MEL-CBR,2008-12-07T13:30:00+11:00,2008-12-07T14:35:00+11:00,,,,,L,VH-VXB,738,22D,,,
2009 Japan Trip,DJ712,CBR-MEL,2009-01-16T09:05:00+11:00,2009-01-16T10:10:00+11:00,,,,,L,,738,4D,,,
2009 Japan Trip,SQ228,MEL-SIN,2009-01-16T17:00:00+11:00,2009-01-16T21:35:00+08:00,,,,,L,9V-SPP,747,34K,,,
2009 Japan Trip,SQ638,SIN-NRT,2009-01-16T23:45:00+08:00,2009-01-16T07:15:00+09:00,,,,,L,9V-SKB,388,58B,,,
2009 Japan Trip,SQ637,NRT-SIN,2009-01-26T11:30:00+09:00,2009-01-26T17:55:00+08:00,,,,,L,9V-SKA,388,43J,,,
2009 Japan Trip,SQ227,SIN-MEL,2009-01-26T21:00:00+08:00,2009-01-26T07:15:00+11:00,,,,,L,9V-SPJ,744,42B,,,
2009 Japan Trip,QF826,MEL-CBR,2009-01-27T16:10:00+11:00,2009-01-27T17:15:00+11:00,,,,,L,VH-TJX,734,11B,,,
2009 Tassie Trip 1,DJ931,CBR-SYD,2009-02-20T17:00:00+11:00,2009-02-20T17:50:00+11:00,,,,,L,VH-ZHD,E70,18C,,First flight cancelled; Second flight was delayed until I wouldnt have made connection; Was finally put on this flight; 8hrs waiting in CBR using free wireless.,
2009 Tassie Trip 1,DJ622,SYD-HBA,2009-02-20T19:25:00+11:00,2009-02-20T21:15:00+11:00,,,,,L,VH-VUJ,738,15C,,,
2009 Tassie Trip 1,DJ1155,LST-SYD,2009-02-22T14:20:00+11:00,2009-02-22T15:55:00+11:00,,,,,L,VH-VOX,738,9E,,Pacific Blue plane no IFE fitted.,
2009 Tassie Trip 1,DJ936,SYD-CBR,2009-02-22T18:20:00+11:00,2009-02-22T19:15:00+11:00,,,,,L,VH-ZHF,E70,11A,,,
2009 Adelaide Trip,QF713,CBR-ADL,2009-04-24T06:05:00+10:00,2009-04-24T07:25:00+09:30,,,,,L,VH-VXS,738,24D,,,
2009 Adelaide Trip,QF708,ADL-CBR,2009-04-27T18:25:00+09:30,2009-04-27T20:35:00+10:00,,,,,L,,,26E,,,
2009 Tassie Trip 2,QF2133,CBR-MEL,2009-05-30T11:30:00+10:00,2009-05-30T12:55:00+10:00,,,,,L,,,12A,,,
2009 Tassie Trip 2,QF2057,MEL-DPO,2009-05-30T15:35:00+10:00,2009-05-30T16:40:00+10:00,,,,,L,,,,,,
2009 Tassie Trip 2,QF2058,DPO-MEL,2009-05-31T17:10:00+10:00,2009-05-31T18:20:00+10:00,,,,,L,,,12C,,,
2009 Tassie Trip 2,QF822,MEL-CBR,2009-05-31T19:00:00+10:00,2009-05-31T20:05:00+10:00,,,,,L,,,23D,,,
2009 Tassie Trip 3,DJ629,CBR-SYD,2009-08-08T07:15:00+10:00,2009-08-08T08:05:00+10:00,,,,,L,VH-ZHF,E70,14F,,Flight departure delayed to to ATC Controller Shortage in SYD.,
2009 Tassie Trip 3,DJ1150,SYD-LST,2009-08-08T09:30:00+10:00,2009-08-08T11:20:00+10:00,,,,,L,,73G,9C,,Flight departure delayed 20 minutes due to ATC Controller Shortage.,
2009 Tassie Trip 3,QF2280,LST-MEL,2009-08-10T06:30:00+10:00,2009-08-10T07:40:00+10:00,,,,,L,VH-QOM,DH4,15C,,Departure delayed due to DJ departure at same time.,
2009 Tassie Trip 3,QF2132,MEL-CBR,2009-08-10T09:35:00+10:00,2009-08-10T10:55:00+10:00,,,,,L,,,11C,,,
2009 Tassie Trip 4,DJ625,CBR-SYD,2009-11-26T06:15:00+11:00,2009-11-26T07:05:00+11:00,,,,,L,VH-ZHD,E70,11D,,,
2009 Tassie Trip 4,DJ1150,SYD-LST,2009-11-26T09:00:00+11:00,2009-11-26T10:45:00+11:00,,,,,L,VH-VOC,738,8F,,,
2009 Tassie Trip 4,DJ1371,LST-MEL,2009-11-30T15:05:00+11:00,2009-11-30T16:05:00+11:00,,,,,L,VH-VOC,738,11C,,,
2009 Tassie Trip 4,DJ283,MEL-CBR,2009-11-30T17:45:00+11:00,2009-11-30T18:50:00+11:00,,,,,L,VH-VBB,73G,8C,,,
2010 Tassie Trip 1,QF2139,CBR-MEL,2010-07-24T13:30:00+10:00,2010-07-24T14:40:00+10:00,,,,,L,,,,,,
2010 Tassie Trip 1,QF2057,MEL-DPO,2010-07-24T15:40:00+10:00,2010-07-24T16:45:00+10:00,,,,,L,,,19C,,,
2010 Tassie Trip 1,QF2054,DPO-MEL,2010-07-26T13:15:00+10:00,2010-07-26T14:25:00+10:00,,,,,L,,,13C,,,
2010 Tassie Trip 1,QF818,MEL-CBR,2010-07-26T15:25:00+10:00,2010-07-26T16:30:00+10:00,,,,,L,,,24C,,,
TechEd 2010,DJ1693,CBR-OOL,2010-08-24T19:45:00+10:00,2010-08-24T21:15:00+10:00,,,,,B,VH-ZHD,E70,6D,,,
TechEd 2010,DJ528,OOL-SYD,2010-08-27T15:05:00+10:00,2010-08-27T16:35:00+10:00,,,,,B,VH-VOC,738,6D,,,
TechEd 2010,DJ662,SYD-CBR,2010-08-27T17:35:00+10:00,2010-08-27T18:30:00+10:00,,,,,B,VH-ZHE,E70,10C,,,
Cole Funeral,DJ1199,CBR-HBA,2010-10-28T10:55:00+11:00,2010-10-28T12:25:00+11:00,,,,,L,VH-ZHD,E70,6F,,,
Cole Funeral,DJ1200,HBA-CBR,2010-10-29T12:55:00+11:00,2010-10-29T14:20:00+11:00,,,,,L,,E70,9C,,,
Wilson Wedding,DJ252,CBR-MEL,2010-11-27T06:30:00+11:00,2010-11-27T07:30:00+11:00,,,,,L,VH-VOC,738,,,,
Wilson Wedding,DJ1316,MEL-HBA,2010-11-27T08:30:00+11:00,2010-11-27T09:45:00+11:00,,,,,L,,,2D,,,
Wilson Wedding,DJ1325,HBA-MEL,2010-11-28T13:45:00+11:00,2010-11-28T15:00:00+11:00,,,,,L,VH-VOW,738,15D,,,
Wilson Wedding,DJ287,MEL-CBR,2010-11-28T18:00:00+11:00,2010-11-28T19:05:00+11:00,,,,,L,,,12C,,,
Mums Birthday,DJ1887,CBR-TSV,2011-03-04T08:25:00+11:00,2011-03-04T11:05:00+10:00,,,,,L,VH-ZHE,E70,6A,,,
Mums Birthday,QF2300,TSV-CNS,2011-03-04T12:00:00+10:00,2011-03-04T12:50:00+10:00,,,,,L,VH-QOS,DH4,7B,,,
Mums Birthday,QF2309,CNS-TSV,2011-03-08T16:45:00+10:00,2011-03-08T17:40:00+10:00,,,,,L,VH-TQE,DH3,6A,,,
Mums Birthday,DJ1888,TSV-CBR,2011-03-09T10:15:00+10:00,2011-03-09T14:00:00+11:00,,,,,L,VH-ZHF,E70,9C,,,
2011 Tassie Trip 1,QF851,CBR-MEL,2011-06-24T12:25:00+10:00,2011-06-24T13:30:00+10:00,,,,,L,VH-TJW,734,3A,,,
2011 Tassie Trip 1,QF2285,MEL-LST,2011-06-24T15:20:00+10:00,2011-06-24T16:25:00+10:00,,,,,L,,,16A,,,
2011 Tassie Trip 1,QF2050,DPO-LST,2011-06-27T06:10:00+10:00,2011-06-27T06:40:00+10:00,,,,,L,,,5D,,,
2011 Tassie Trip 1,QF2050,LST-MEL,2011-06-27T07:40:00+10:00,2011-06-27T08:40:00+10:00,,,,,L,,,17A,,,
STM01,QF1478,CBR-SYD,2011-09-05T13:10:00+10:00,2011-09-05T14:00:00+10:00,,,,,B,,DH4,15C,,,
STM01,QF1,SYD-BKK,2011-09-05T16:55:00+10:00,2011-09-05T23:15:00+07:00,,,,,B,VH-OJL,744,11K,,Top deck front row right hand side.,
STM01,TG315,BKK-DEL,2011-09-06T17:55:00+07:00,2011-09-06T20:55:00+05:30,,,,,B,HS-TGO,744,16B,,Top deck exit row aisle seat.,
STM01,TG324,DEL-BKK,2011-09-18T11:55:00+05:30,2011-09-18T17:50:00+07:00,,,,,B,HS-TLA,345,21E,,,
STM01,BA9,BKK-SYD,2011-09-19T18:10:00+07:00,2011-09-19T06:05:00+10:00,,,,,B,G-BNLW,744,64A,,Top deck rear facing rear most left hand side; Codeshare sold as QF302.,
STM01,QF787,SYD-CBR,2011-09-20T08:25:00+10:00,2011-09-20T09:20:00+10:00,,,,,B,VH-TJL,734,,,,
2012 Raelenes Birthday,DJ627,CBR-SYD,2012-02-24T06:30:00+11:00,2012-02-24T07:20:00+11:00,,,,,L,VH-FVM,AT7,8F,,Flying to Adelaide for Raelenes Birthday; First ATR-72 flight; Nice leg room; Horrible padding on the seats; Might have been DJ629 0705-0755,
2012 Raelenes Birthday,DJ824,SYD-MEL,2012-02-24T09:00:00+11:00,2012-02-24T10:35:00+11:00,,,,,L,VH-VUA,738,5C,,Flying to Adelaide for Raelenes Birthday.,
2012 Raelenes Birthday,DJ231,MEL-ADL,2012-02-24T15:10:00+11:00,2012-02-24T16:00:00+10:30,,,,,L,VH-VBN,73G,10E,,Flying to Adelaide for Raelenes Birthday; Raelene was in 10F.,
2012 Raelenes Birthday,QF766,ADL-SYD,2012-02-26T17:45:00+10:30,2012-02-26T20:10:00+11:00,,,,,L,VH-VYA,738,12D,,Flying to Adelaide for Raelenes Birthday.,
2012 Raelenes Birthday,QF807,SYD-CBR,2012-02-26T21:10:00+11:00,2012-02-26T22:05:00+11:00,,,,,L,VH-TJH,734,14C,,Flying to Adelaide for Raelenes Birthday.,
Melbourne Trip,QF815,CBR-MEL,2012-04-05T15:00:00+10:00,2012-04-05T16:10:00+10:00,,,,,L,,,,,,
Melbourne Trip,QF440,MEL-SYD,2012-04-26T14:30:00+10:00,2012-04-26T15:55:00+10:00,,,,,L,,,,,,
Melbourne Trip,QF879,SYD-MEL,2012-04-26T17:30:00+10:00,2012-04-26T18:25:00+10:00,,,,,L,,,,,,
STM02,QF952,CBR-BNE,2012-05-29T11:05:00+10:00,2012-05-29T12:50:00+10:00,,,,,B,VH-VYL,738,2D,,,
STM02,IE701,BNE-HIR,2012-05-30T09:30:00+10:00,2012-05-30T13:45:00+11:00,,,,,B,H4-BUS,320,3C,,The President of the Solomon Islands was sitting in 1C; The First Lady of the Solomon Islands was sitting in 1A.,
STM02,IE700,HIR-BNE,2012-06-10T15:00:00+11:00,2012-06-10T17:15:00+10:00,,,,,B,H4-BUS,320,1C,,,
STM02,QF959,BNE-CBR,2012-06-10T19:05:00+10:00,2012-06-10T20:55:00+10:00,,,,,B,VH-TJR,734,1D,,,
STM03,QF1460,CBR-SYD,2012-06-13T06:20:00+10:00,2012-06-13T07:10:00+10:00,,,,,B,,DH4,13A,,,
STM03,NZ102,SYD-AKL,2012-06-13T09:40:00+10:00,2012-06-13T14:40:00+12:00,,,,,B,ZK-NCI,763,4A,,,
STM03,NZ294,AKL-APW,2012-06-13T19:50:00+12:00,2012-06-13T00:40:00+13:00,,,,,B,ZK-NCL,763,4A,,,
STM03,NZ291,APW-AKL,2012-06-21T01:50:00+13:00,2012-06-21T05:00:00+12:00,,,,,B,ZK-NCL,763,2E,,,
STM03,NZ101,AKL-SYD,2012-06-21T07:00:00+12:00,2012-06-21T08:30:00+10:00,,,,,B,ZK-NCK,763,4K,,,
STM03,QF1473,SYD-CBR,2012-06-21T10:40:00+10:00,2012-06-21T11:30:00+10:00,,,,,B,,DH4,12B,,,
Manley Wedding,QF948,CBR-BNE,2012-06-30T06:05:00+10:00,2012-06-30T08:10:00+10:00,,,,,L,VH-VXQ,738,5D,,,
Manley Wedding,QF784,BNE-CNS,2012-07-03T14:00:00+10:00,2012-07-03T16:25:00+10:00,,,,,L,VH-VXD,738,14D,,,
Manley Wedding,QF925,CNS-SYD,2012-07-09T13:10:00+10:00,2012-07-09T16:05:00+10:00,,,,,L,,,25F,,,
Manley Wedding,QF779,SYD-CBR,2012-07-09T16:55:00+10:00,2012-07-09T17:50:00+10:00,,,,,L,VH-VYG,738,11D,,,
2012 Melbourne Trip 1,QF763,CBR-MEL,2012-07-14T10:15:00+10:00,2012-07-14T11:25:00+10:00,,,,,L,VH-TJR,734,,,,
2012 Melbourne Trip 1,QF850,MEL-CBR,2012-07-16T11:10:00+10:00,2012-07-16T12:15:00+10:00,,,,,L,VH-TJK,734,,,,
STM04,QF763,CBR-MEL,2012-07-23T10:15:00+10:00,2012-07-23T11:25:00+10:00,,,,,B,VH-VYK,738,,,,
STM04,QF9,MEL-SIN,2012-07-23T15:30:00+10:00,2012-07-23T21:25:00+08:00,,,,,B,VH-OQK,388,,,,
STM04,QF9,SIN-LHR,2012-07-23T23:05:00+08:00,2012-07-23T05:40:00+01:00,,,,,B,VH-OQK,388,,,,
STM04,BA500,LHR-LIS,2012-07-24T07:40:00+01:00,2012-07-24T10:15:00+01:00,,,,,B,G-EUUZ,322,,,,
STM04,IB3109,LIS-MAD,2012-08-01T12:35:00+01:00,2012-08-01T14:50:00+02:00,,,,,B,EC-LKG,322,,,,
STM04,SN3722,MAD-BRU,2012-08-08T12:20:00+02:00,2012-08-08T14:40:00+02:00,,,,,B,OO-SSQ,319,,,,
STM04,KL1726,BRU-AMS,2012-08-20T14:40:00+02:00,2012-08-20T15:40:00+02:00,,,,,B,ZT-023,F70,,,,
STM04,LH197,TXL-FRA,2012-09-12T19:10:00+02:00,2012-09-12T20:20:00+02:00,,,,,B,,,,,,
STM04,QF6,FRA-SIN,2012-09-12T22:15:00+02:00,2012-09-12T16:40:00+08:00,,,,,B,VH-OJE,744,,,,
STM04,QF6,SIN-SYD,2012-09-13T20:30:00+08:00,2012-09-13T06:05:00+10:00,,,,,B,VH-OJE,744,,,,
STM04,QF787,SYD-CBR,2012-09-14T08:20:00+10:00,2012-09-14T09:15:00+10:00,,,,,B,,737,4D,,,
2012 Melbourne Trip 2,QF763,CBR-MEL,2012-09-22T10:15:00+10:00,2012-09-22T11:25:00+10:00,,,,,L,,,,,Registration JY?,
2012 Melbourne Trip 2,QF822,MEL-CBR,2012-09-24T19:00:00+10:00,2012-09-24T20:05:00+10:00,,,,,L,,,,,,
Mileage Run,QF1466,CBR-SYD,2012-09-30T09:15:00+10:00,2012-09-30T10:10:00+10:00,,,,,L,,,11B,Y,flight times based on 2017 schedule and boarding times,
Mileage Run,QF520,SYD-BNE,2012-09-30T11:05:00+10:00,2012-09-30T12:35:00+10:00,,,,,L,,,4A,C,flight times based on 2017 schedule and boarding times,
Mileage Run,QF537,BNE-SYD,2012-09-30T16:10:00+10:00,2012-09-30T17:40:00+10:00,,,,,L,,,2K,C,flight times based on 2017 schedule and boarding times,
Mileage Run,QF883,SYD-CBR,2012-09-30T19:30:00+10:00,2012-09-30T20:25:00+10:00,,,,,L,,,2D,C,flight times based on 2017 schedule and boarding times,
STM05,QF704,CBR-SYD,2012-10-02T09:55:00+10:00,2012-10-02T10:45:00+10:00,,,,,B,,737,,,,
STM05,QF1,SYD-SIN,2012-10-02T16:10:00+10:00,2012-10-02T22:30:00+08:00,,,,,B,VH-OQG,388,,,,
STM05,QF1,SIN-LHR,2012-10-09T23:59:00+08:00,2012-10-09T06:35:00+01:00,,,,,B,VH-OQH,388,,,,
STM05,KM101,LHR-MLA,2012-10-10T10:50:00+01:00,2012-10-10T15:00:00+02:00,,,,,B,,,,,,
STM05,LH1277,MLA-FRA,2012-10-17T12:45:00+02:00,2012-10-17T15:30:00+02:00,,,,,B,,,,,,
STM05,LH6006,FRA-ZAG,2012-10-17T18:00:00+02:00,2012-10-17T19:25:00+02:00,,,,,B,,320,,,,
STM05,LH1715,ZAG-MUC,2012-10-24T17:15:00+02:00,2012-10-24T18:30:00+02:00,,,,,B,,,,,,
STM05,LH1726,MUC-BEG,2012-10-24T19:35:00+02:00,2012-10-24T21:05:00+02:00,,,,,B,D-AEBF,E90,,,,
STM05,JU70,BEG-LCA,2012-10-31T17:30:00+01:00,2012-10-31T21:00:00+02:00,,,,,B,YU-ANI,733,,,,
STM05,CY312,LCA-ATH,2012-11-14T10:45:00+02:00,2012-11-14T12:30:00+02:00,,,,,B,5B-DCM,320,,,,
STM05,TK1850,ATH-IST,2012-11-14T14:50:00+02:00,2012-11-14T16:10:00+02:00,,,,,B,TC-JLN,319,,,,
STM05,TK2170,IST-ESB,2012-11-14T18:00:00+02:00,2012-11-14T19:05:00+02:00,,,,,B,TC-JPH,320,,,,
STM05,YB495,ESB-CKZ,2012-11-21T23:00:00+02:00,2012-11-21T00:30:00+02:00,,,,,B,TC-YAD,AT7,,,,
STM05,YB496,CKZ-ESB,2012-11-28T07:00:00+02:00,2012-11-28T08:30:00+02:00,,,,,B,TC-YAB,AT7,,,,
STM05,TK2147,ESB-IST,2012-11-28T14:00:00+02:00,2012-11-28T15:05:00+02:00,,,,,B,RI?,321,,,,
STM05,BA677,IST-LHR,2012-11-28T16:40:00+02:00,2012-11-28T18:55:00+00:00,,,,,B,,767,,,Registration NWX?,
STM05,QF2,LHR-SIN,2012-11-28T21:30:00+00:00,2012-11-28T18:20:00+08:00,,,,,B,,,,,,
STM05,QF2,SIN-SYD,2012-11-29T19:50:00+08:00,2012-11-29T06:50:00+11:00,,,,,B,,,,,,
STM05,QF787,SYD-CBR,2012-11-30T08:20:00+11:00,2012-11-30T09:15:00+11:00,,,,,B,,737,,,Registration JJ?,
Christmas 2012,QF811,CBR-MEL,2012-12-04T09:10:00+11:00,2012-12-04T10:20:00+11:00,,,,,L,VH-OGT,763,2A,,Alone in Business!,
Christmas 2012,ZL3573,MEL-BWT,2012-12-07T14:50:00+11:00,2012-12-07T16:00:00+11:00,,,,,L,,,1C,,,
Christmas 2012,DJ1337,HBA-MEL,2012-12-09T22:00:00+11:00,2012-12-09T23:15:00+11:00,,,,,L,VH-VBY,73G,1A,,,
Christmas 2012,QF822,MEL-CBR,2012-12-15T19:00:00+11:00,2012-12-15T20:05:00+11:00,,,,,L,VH-VZA,738,3A,,,
Christmas 2012,QF856,MEL-CBR,2012-12-24T14:15:00+11:00,2012-12-24T15:20:00+11:00,,,,,L,VH-TJL,734,12A,,,
Christmas 2012,QF795,CBR-MEL,2012-12-29T06:40:00+11:00,2012-12-29T07:50:00+11:00,,,,,L,VH-VXE,738,13D,,,
Christmas 2012,QF2051,MEL-DPO,2012-12-29T08:30:00+11:00,2012-12-29T09:35:00+11:00,,,,,L,,DH4,1B,,,
Christmas 2012,QF2058,DPO-MEL,2012-12-30T17:10:00+11:00,2012-12-30T18:20:00+11:00,,,,,L,VH-QOP,DH4,1B,,,
Christmas 2012,QF822,MEL-CBR,2012-12-30T19:00:00+11:00,2012-12-30T20:05:00+11:00,,,,,L,VH-TJZ,734,1F,,Op-Up to Business,
Christmas 2012,QF763,CBR-MEL,2013-01-25T10:20:00+11:00,2013-01-25T11:30:00+11:00,,,,,L,VH-TJY,734,1A,,Business class,
Christmas 2012,QF812,MEL-CBR,2013-01-29T13:15:00+11:00,2013-01-29T14:20:00+11:00,,,,,L,VH-TJS,734,9D,,,
STM06,QF564,CBR-SYD,2013-02-05T08:55:00+11:00,2013-02-05T09:50:00+11:00,,,,,B,,,,,Registration JY?,
STM06,SQ232,SYD-SIN,2013-02-05T12:15:00+11:00,2013-02-05T17:20:00+08:00,,,,,B,,,,,Registration KK?,
STM06,SQ446,SIN-DAC,2013-02-05T18:45:00+08:00,2013-02-05T20:50:00+06:00,,,,,B,,,,,Registration TA?,
STM06,9W271,DAC-DEL,2013-02-13T09:20:00+06:00,2013-02-13T11:30:00+05:30,,,,,B,VT-JBJ,738,,,,
STM06,9W262,DEL-KTM,2013-02-13T12:40:00+05:30,2013-02-13T14:40:00+05:45,,,,,B,VT-JBN,738,,,,
STM06,9W265,KTM-BOM,2013-02-19T14:25:00+05:45,2013-02-19T17:10:00+05:30,,,,,B,,,,,,
STM06,9W256,BOM-CMB,2013-02-20T02:10:00+05:30,2013-02-20T04:45:00+05:30,,,,,B,VT-JGQ,738,,,,
STM06,UL898,CMB-BKK,2013-03-01T13:55:00+05:30,2013-03-01T18:50:00+07:00,,,,,B,4R-ALJ,332,,,,
STM06,TG317,BKK-BOM,2013-03-05T18:45:00+07:00,2013-03-05T22:00:00+05:30,,,,,B,,744,,,HS-TGK,
STM06,9W467,BOM-MAA,2013-03-13T15:05:00+05:30,2013-03-13T17:05:00+05:30,,,,,B,,737,,,Registration FD?,
STM06,9W836,MAA-DEL,2013-03-19T08:30:00+05:30,2013-03-19T11:15:00+05:30,,,,,B,,737,,,Registration BU?,
STM06,SQ405,DEL-SIN,2013-03-27T08:00:00+05:30,2013-03-27T16:10:00+08:00,,,,,B,,,,,,
STM06,SQ221,SIN-SYD,2013-03-27T20:35:00+08:00,2013-03-27T07:40:00+11:00,,,,,B,,,,,,
STM06,QF787,SYD-CBR,2013-03-28T08:20:00+11:00,2013-03-28T09:15:00+11:00,,,,,B,,,,,Registration JK?,
2013 Cairns Trip,QF795,CBR-MEL,2013-03-30T06:40:00+11:00,2013-03-30T07:50:00+11:00,,,,,L,,737,1C,,Registration VH-?JJ?,
2013 Cairns Trip,QF702,MEL-CNS,2013-03-30T09:25:00+11:00,2013-03-30T11:50:00+10:00,,,,,L,VH-VZC,737,1C,,,
2013 Cairns Trip,QF649,CNS-BNE,2013-04-03T13:00:00+10:00,2013-04-03T15:10:00+10:00,,,,,L,,737,2D,,,
2013 Cairns Trip,QF959,BNE-CBR,2013-04-03T19:05:00+10:00,2013-04-03T21:55:00+11:00,,,,,L,VH-VJL,737,5C,,Registration VH-VJL? Listed as Learjet,
STM07,QF872,CBR-SYD,2013-04-15T07:30:00+10:00,2013-04-15T08:20:00+10:00,,,,,B,VH-VYK,738,,,,
STM07,QF27,SYD-SCL,2013-04-15T10:55:00+10:00,2013-04-15T10:50:00-03:00,,,,,B,,,,,,
STM07,LA632,SCL-LIM,2013-04-16T15:55:00-03:00,2013-04-16T17:50:00-05:00,,,,,B,,,,,,
STM07,LA541,LIM-SCL,2013-04-23T08:35:00-05:00,2013-04-23T14:00:00-03:00,,,,,B,,,,,,
STM07,LA752,SCL-GRU,2013-05-01T11:50:00-04:00,2013-05-01T16:40:00-03:00,,,,,B,,,,,Registration QM?,
STM07,LA8080,GRU-BSB,2013-05-01T18:35:00-03:00,2013-05-01T20:24:00-03:00,,,,,B,,,,,Registration JJ3580? ?O? (COM) - Swap?,
STM07,G31685,BSB-GRU,2013-05-07T10:56:00-03:00,2013-05-07T12:25:00-03:00,,,,,B,,,,,Registration PR GGD? 1865?,
STM07,JJ8018,GRU-EZE,2013-05-07T14:25:00-03:00,2013-05-07T17:15:00-03:00,,,,,B,,,,,Registration AR TAM - Swap?,
STM07,LA532,EZE-SCL,2013-05-16T18:00:00-03:00,2013-05-16T19:20:00-04:00,,,,,B,,,,,Registration CWN?,
STM07,LA801,SCL-AKL,2013-05-16T23:20:00-04:00,2013-05-16T04:30:00+12:00,,,,,B,,,,,Operated by LAN (QF322),
STM07,LA801,AKL-SYD,2013-05-18T06:00:00+12:00,2013-05-18T07:40:00+10:00,,,,,B,,,,,Operated by LAN (QF322),
STM07,QF1471,SYD-CBR,2013-05-18T09:40:00+10:00,2013-05-18T10:30:00+10:00,,,,,B,,,,,,
STM08,QF795,CBR-MEL,2013-05-19T06:40:00+10:00,2013-05-19T07:50:00+10:00,,,,,B,VH-TJY,734,,,,
STM08,QF485,MEL-PER,2013-05-19T08:35:00+10:00,2013-05-19T10:40:00+08:00,,,,,B,VH-OGK,763,,,,
STM08,MK441,PER-MRU,2013-05-19T13:05:00+08:00,2013-05-19T17:40:00+04:00,,,,,B,,,,,Registration RQ?,
STM08,SA7110,MRU-JNB,2013-05-28T09:15:00+04:00,2013-05-28T11:50:00+02:00,,,,,B,3B-NAY,343,,,Operated by MK,
STM08,SA24,JNB-HRE,2013-05-28T19:40:00+02:00,2013-05-28T21:20:00+02:00,,,,,B,ZS-SJE,738,,,,
STM08,SA23,HRE-JNB,2013-06-04T13:10:00+02:00,2013-06-04T15:00:00+02:00,,,,,B,ZS-SJA,738,,,,
STM08,SA280,JNB-PER,2013-06-08T22:20:00+02:00,2013-06-08T13:25:00+08:00,,,,,B,ZS-SXF,344,,,Operated by SA (QF304),
STM08,QF768,PER-MEL,2013-06-09T17:00:00+08:00,2013-06-09T22:30:00+10:00,,,,,B,VH-EBV,332,,,,
STM08,QF1011,MEL-HBA,2013-06-10T07:00:00+10:00,2013-06-10T08:15:00+10:00,,,,,B,VH-VXF,738,,,,
STM08,QF1012,HBA-MEL,2013-06-16T10:40:00+10:00,2013-06-16T11:55:00+10:00,,,,,B,VH-VYD,738,,,,
STM08,QF2057,MEL-DPO,2013-06-22T15:40:00+10:00,2013-06-22T16:45:00+10:00,,,,,B,,DH4,1B,,,
STM08,QF2054,DPO-MEL,2013-06-23T00:00:00+10:00,2013-06-23T00:00:00+10:00,,,,,B,VH-QOH,DH4,7C,,,
STM08,QF818,MEL-CBR,2013-06-23T00:00:00+10:00,2013-06-23T00:00:00+10:00,,,,,B,VH-TJX,734,12D,,,
STM09,QF713,CBR-ADL,2013-07-03T06:00:00+10:00,2013-07-03T07:20:00+09:30,,,,,B,VH-VXM,738,,,,
STM09,QF708,ADL-CBR,2013-07-09T19:00:00+09:30,2013-07-09T21:10:00+10:00,,,,,B,VH-TJZ,734,,,,
STM10,QF719,CBR-PER,2013-07-16T19:30:00+10:00,2013-07-16T22:15:00+08:00,,,,,B,VH-VZO,738,2F,,,
STM10,VA469,PER-BNE,2013-07-23T12:30:00+08:00,2013-07-23T18:50:00+10:00,,,,,B,VH-XFD,332,1K,,,
STM10,VA986,BNE-SYD,2013-07-30T19:00:00+10:00,2013-07-30T20:35:00+10:00,,,,,B,,,,,,
STM10,QF799,SYD-CBR,2013-08-13T16:55:00+10:00,2013-08-13T17:50:00+10:00,,,,,B,,,,,,
STM11,QF763,CBR-MEL,2013-08-18T10:20:00+10:00,2013-08-18T11:30:00+10:00,,,,,B,,,,,,
STM11,SQ228,MEL-SIN,2013-08-18T15:45:00+10:00,2013-08-18T21:45:00+08:00,,,,,B,,777,,,Star Alliance Paintjob / Registration ??-?WJ,
STM11,SQ26,SIN-FRA,2013-08-18T23:55:00+08:00,2013-08-18T06:30:00+02:00,,,,,B,,380,,,Registration ??-?KD,
STM11,LH562,FRA-ABV,2013-08-19T10:25:00+02:00,2013-08-19T15:20:00+01:00,,,,,B,,,,,,
STM11,W361,ABV-ACC,2013-08-28T17:00:00+01:00,2013-08-28T17:50:00+00:00,,,,,B,,,,,,
STM11,EK788,ACC-DXB,2013-09-03T17:35:00+00:00,2013-09-03T05:50:00+04:00,,,,,B,,,,,,
STM11,EK901,DXB-AMM,2013-09-04T07:25:00+04:00,2013-09-04T09:30:00+03:00,,,,,B,,,,,,
STM11,RJ640,AMM-KWI,2013-09-04T13:50:00+03:00,2013-09-04T15:55:00+03:00,,,,,B,,,,,,
STM11,KU773,KWI-RUH,2013-09-10T16:00:00+03:00,2013-09-10T17:15:00+03:00,,,,,B,,,,,,
STM11,EY318,RUH-AUH,2013-09-17T16:15:00+03:00,2013-09-17T18:55:00+04:00,,,,,B,A6-EIB,322,,,,
STM11,EK927,DXB-CAI,2013-10-08T08:50:00+04:00,2013-10-08T10:40:00+02:00,,,,,B,,,,,,
STM11,LH583,CAI-FRA,2013-10-16T15:40:00+02:00,2013-10-16T20:10:00+02:00,,,,,B,,,,,Operated by MS,
STM11,BA8733,FRA-LCY,2013-10-21T11:40:00+02:00,2013-10-21T12:10:00+01:00,,,,,B,,,3A,,,
STM11,BA8716,LCY-EDI,2013-10-21T14:20:00+01:00,2013-10-21T15:40:00+01:00,,,,,B,,,1D,,,
STM11,BA8734,LCY-FRA,2013-10-28T14:45:00+00:00,2013-10-28T17:15:00+01:00,,,,,B,G-LENM,AR8,9D,,,
STM11,SQ325,FRA-SIN,2013-10-29T22:00:00+01:00,2013-10-29T16:25:00+08:00,,,,,B,,,,,,
STM11,SQ231,SIN-SYD,2013-10-31T00:45:00+08:00,2013-10-31T10:30:00+11:00,,,,,B,,,,,,
STM11,QF1479,SYD-CBR,2013-10-31T12:50:00+11:00,2013-10-31T13:45:00+11:00,,,,,B,,,,,,
JP2047 Trip #1,VA257,MEL-CBR,2014-10-21T07:00:00+11:00,2014-10-21T08:05:00+11:00,,,,,B,VH-ZPR,190,,,,
JP2047 Trip #1,VA278,CBR-MEL,2014-10-24T17:00:00+11:00,2014-10-24T18:10:00+11:00,,,,,B,VH-YFI,738,,,,
JP2047 Trip #2,QF826,MEL-CBR,2014-10-26T16:15:00+11:00,2014-10-26T17:20:00+11:00,,,,,B,VH-VZL,738,,,,
JP2047 Trip #2,VA278,CBR-MEL,2014-10-31T17:00:00+11:00,2014-10-31T18:10:00+11:00,,,,,B,VH-YIU,738,,,,
JP2047 Trip #3,VA277,MEL-CBR,2014-11-02T15:25:00+11:00,2014-11-02T16:30:00+11:00,,,,,B,VH-YVC,738,,,,
JP2047 Trip #3,VA278,CBR-MEL,2014-11-07T17:00:00+11:00,2014-11-07T18:10:00+11:00,,,,,B,VH-VUI,738,,,,
JP2047 Trip #4,VA277,MEL-CBR,2014-11-09T15:25:00+11:00,2014-11-09T16:30:00+11:00,,,,,B,VH-YIS,738,,,,
JP2047 Trip #4,VA278,CBR-MEL,2014-11-14T17:00:00+11:00,2014-11-14T18:10:00+11:00,,,,,B,VH-YIE,738,,,,
JP2047 Trip #5,VA277,MEL-CBR,2014-11-16T15:30:00+11:00,2014-11-16T16:35:00+11:00,,,,,B,VH-YIS,738,,,,
JP2047 Trip #5,VA278,CBR-MEL,2014-11-21T17:00:00+11:00,2014-11-21T18:10:00+11:00,,,,,B,VH-VUJ,738,,,,
JP2047 Trip #6,VA277,MEL-CBR,2014-11-23T15:25:00+11:00,2014-11-23T16:30:00+11:00,,,,,B,VH-YIV,738,,,,
JP2047 Trip #6,VA278,CBR-MEL,2014-11-28T17:00:00+11:00,2014-11-28T18:10:00+11:00,,,,,B,VH-YIS,738,,,,
JP2047 Trip #7,VA277,MEL-CBR,2014-11-30T15:25:00+11:00,2014-11-30T16:31:00+11:00,,,,,B,VH-YIF,738,,,,
JP2047 Trip #7,VA278,CBR-MEL,2014-12-04T17:00:00+11:00,2014-12-04T18:10:00+11:00,,,,,B,VH-VUC,738,,,,
JP2047 Trip #8,QF818,MEL-CBR,2014-12-07T15:25:00+11:00,2014-12-07T16:30:00+11:00,,,,,B,VH-VXL,738,,,,
JP2047 Trip #8,VA278,CBR-MEL,2014-12-12T17:00:00+11:00,2014-12-12T18:10:00+11:00,,,,,B,VH-YVD,738,,,,
JP2047 Trip #9,VA277,MEL-CBR,2014-12-14T15:25:00+11:00,2014-12-14T16:30:00+11:00,,,,,B,,,,,,
JP2047 Trip #9,VA278,CBR-MEL,2014-12-21T17:00:00+11:00,2014-12-21T18:10:00+11:00,,,,,B,,,,,,
JP2047 Trip #10,QF812,MEL-CBR,2015-01-04T12:55:00+11:00,2015-01-04T14:00:00+11:00,,,,,B,VH-VZD,738,,,,
JP2047 Trip #10,QF819,CBR-MEL,2015-01-09T17:10:00+11:00,2015-01-09T18:20:00+11:00,,,,,B,VH-VYC,738,,,,
JP2047 Trip #11,QF818,MEL-CBR,2015-01-11T15:25:00+11:00,2015-01-11T16:30:00+11:00,,,,,B,VH-VZU,738,,,,
JP2047 Trip #11,QF819,CBR-MEL,2015-01-16T17:10:00+11:00,2015-01-16T18:20:00+11:00,,,,,B,VH-XZJ,738,,,,
JP2047 Trip #12,VA277,MEL-CBR,2015-01-18T15:25:00+11:00,2015-01-18T16:30:00+11:00,,,,,B,VH-YVC,738,,,,
JP2047 Trip #12,VA278,CBR-MEL,2015-01-23T17:00:00+11:00,2015-01-23T18:10:00+11:00,,,,,B,VH-YIV,738,,,,
JP2047 Trip #13,QF819,CBR-MEL,2015-01-30T17:10:00+11:00,2015-01-30T18:20:00+11:00,,,,,B,VH-VYE,738,,,,
JP2047 Trip #14,VA277,MEL-CBR,2015-02-01T15:25:00+11:00,2015-02-01T16:30:00+11:00,,,,,B,VH-VUA,738,,,,
JP2047 Trip #14,VA278,CBR-MEL,2015-02-06T17:00:00+11:00,2015-02-06T18:10:00+11:00,,,,,B,VH-VOX,738,,,,
JP2047 Trip #15,QF818,MEL-CBR,2015-02-08T15:25:00+11:00,2015-02-08T16:30:00+11:00,,,,,B,,,,,,
Adelaide Trip #2,QF737,CBR-ADL,2015-02-13T18:00:00+11:00,2015-02-13T19:15:00+10:30,,,,,L,VH-XZM,738,,,,
Adelaide Trip #2,QF708,ADL-CBR,2015-02-15T19:00:00+10:30,2015-02-15T21:05:00+11:00,,,,,L,VH-VYA,738,,,,
JP2047 Trip #16,VA278,CBR-MEL,2015-02-19T17:00:00+11:00,2015-02-19T18:10:00+11:00,,,,,B,VH-YIJ,738,,,,
JP2047 Trip #17,VA277,MEL-CBR,2015-02-22T15:25:00+11:00,2015-02-22T16:30:00+11:00,,,,,B,VH-VOL,738,,,,
JP2047 Trip #17,VA278,CBR-MEL,2015-02-27T17:00:00+11:00,2015-02-27T18:10:00+11:00,,,,,B,VH-YFR,738,,,,
London Trip,QF9,DXB-LHR,2015-03-02T08:30:00+04:00,2015-03-02T12:25:00+00:00,,,,,L,,,,,Check Times & Timezone,
London Trip,QF9,MEL-DXB,2015-03-02T23:35:00+11:00,2015-03-02T06:45:00+04:00,,,,,L,,,,,Check Times & Timezone,
London Trip,BA309,CDG-LHR,2015-03-05T12:30:00+01:00,2015-03-05T12:45:00+00:00,,,,,L,,,,,Check Times & Timezone,
London Trip,QF10,LHR-DXB,2015-03-14T12:35:00+00:00,2015-03-14T23:30:00+04:00,,,,,L,,,,,Check Times & Timezone,
London Trip,QF10,DXB-MEL,2015-03-15T01:15:00+04:00,2015-03-15T21:35:00+11:00,,,,,L,,,,,Check Times & Timezone,
JP2047 Trip #18,QF1528,MEL-CBR,2015-03-16T10:30:00+11:00,2015-03-16T11:35:00+11:00,,,,,B,VH-YQV,712,,,,
JP2047 Trip #18,VA278,CBR-MEL,2015-03-20T17:00:00+11:00,2015-03-20T18:10:00+11:00,,,,,B,VH-YIA,738,,,,
JP2047 Trip #19,QF818,MEL-CBR,2015-03-22T15:25:00+11:00,2015-03-22T16:30:00+11:00,,,,,B,VH-VYC,738,,,,
JP2047 Trip #19,QF819,CBR-MEL,2015-03-27T17:10:00+11:00,2015-03-27T18:20:00+11:00,,,,,B,VH-VZZ,738,,,,
JP2047 Trip #20,QF818,MEL-CBR,2015-03-29T15:25:00+11:00,2015-03-29T16:30:00+11:00,,,,,B,VH-VXC,738,,,,
JP2047 Trip #20,QF819,CBR-MEL,2015-04-02T17:10:00+11:00,2015-04-02T18:20:00+11:00,,,,,B,VH-VXF,738,,,,
JP2047 Trip #21,QF804,MEL-CBR,2015-04-07T07:20:00+10:00,2015-04-07T08:25:00+10:00,,,,,B,VH-VXI,738,,,,
JP2047 Trip #21,QF819,CBR-MEL,2015-04-10T17:10:00+10:00,2015-04-10T18:20:00+10:00,,,,,B,VH-VZB,738,,,,
JP2047 Trip #22,QF818,MEL-CBR,2015-04-12T15:25:00+10:00,2015-04-12T16:30:00+10:00,,,,,B,VH-VZA,738,,,,
JP2047 Trip #22,QF815,CBR-MEL,2015-04-17T15:00:00+10:00,2015-04-17T16:10:00+10:00,,,,,B,VH-XZO,738,,,,
JP2047 Trip #23,QF822,MEL-CBR,2015-04-19T19:15:00+10:00,2015-04-19T20:20:00+10:00,,,,,B,VH-XZO,738,,,,
JP2047 Trip #23,VA278,CBR-MEL,2015-04-24T17:00:00+10:00,2015-04-24T18:10:00+10:00,,,,,B,VH-VUL,738,,,,
JP2047 Trip #24,VA277,MEL-CBR,2015-04-26T15:25:00+10:00,2015-04-26T16:30:00+10:00,,,,,B,VH-VUT,738,,,,
JP2047 Trip #24,QF819,CBR-MEL,2015-05-01T17:10:00+10:00,2015-05-01T18:20:00+10:00,,,,,B,VH-XZN,738,,,,
JP2047 Trip #25,VA277,MEL-CBR,2015-05-03T15:25:00+10:00,2015-05-03T16:30:00+10:00,,,,,B,VH-YFK,738,,,,
JP2047 Trip #25,QF815,CBR-MEL,2015-05-08T15:00:00+10:00,2015-05-08T16:10:00+10:00,,,,,B,VH-VZW,738,,,,
JP2047 Trip #26,QF814,MEL-CBR,2015-05-11T09:00:00+10:00,2015-05-11T10:05:00+10:00,,,,,B,VH-VZO,738,,,,
JP2047 Trip #26,QF815,CBR-MEL,2015-05-15T15:00:00+10:00,2015-05-15T16:10:00+10:00,,,,,B,VH-XZE,738,,,,
JP2047 Trip #27,VA259,MEL-CBR,2015-05-18T08:30:00+10:00,2015-05-18T09:35:00+10:00,,,,,B,VH-ZPQ,190,,,,
JP2047 Trip #27,VA278,CBR-MEL,2015-05-22T17:00:00+10:00,2015-05-22T18:10:00+10:00,,,,,B,VH-VUH,738,,,,
JP2047 Trip #28,QF804,MEL-CBR,2015-05-25T07:20:00+10:00,2015-05-25T08:25:00+10:00,,,,,B,VH-XZN,738,,,,
JP2047 Trip #28,QF815,CBR-MEL,2015-06-05T15:00:00+10:00,2015-06-05T16:10:00+10:00,,,,,B,,,,,,
JP2047 Trip #29,QF2130,MEL-CBR,2015-06-09T11:25:00+10:00,2015-06-09T12:30:00+10:00,,,,,B,,,,,,
JP2047 Trip #29,QF815,CBR-MEL,2015-06-12T15:00:00+10:00,2015-06-12T16:10:00+10:00,,,,,B,,,,,,
JP2047 Trip #30,QF814,MEL-CBR,2015-06-15T09:00:00+10:00,2015-06-15T10:05:00+10:00,,,,,B,VH-VZY,738,,,,
JP2047 Trip #30,QF815,CBR-MEL,2015-06-19T15:00:00+10:00,2015-06-19T16:10:00+10:00,,,,,B,,,,,,
JP2047 Trip #31,QF1528,MEL-CBR,2015-06-22T10:30:00+10:00,2015-06-22T11:35:00+10:00,,,,,B,,,,,,
JP2047 Trip #31,QF815,CBR-MEL,2015-06-26T15:00:00+10:00,2015-06-26T16:10:00+10:00,,,,,B,VH-VXK,738,,,,
Auckland Trip,QF151,MEL-AKL,2015-06-26T23:35:00+10:00,2015-06-27T05:15:00+12:00,,,,,L,ZK-ZQE,738,,C,,
Auckland Trip,EK413,AKL-SYD,2015-06-29T17:55:00+12:00,2015-06-29T19:25:00+10:00,,,,,L,A6-EDN,388,,F,Marketed as QF8763,
JP2047 Trip #32,QF815,CBR-MEL,2015-07-10T15:00:00+10:00,2015-07-10T16:10:00+10:00,,,,,B,VH-VXO,738,,,,
JP2047 Trip #33,QF814,MEL-CBR,2015-07-13T09:00:00+10:00,2015-07-13T10:05:00+10:00,,,,,B,VH-VYG,738,,,,
JP2047 Trip #33,QF815,CBR-MEL,2015-07-24T15:00:00+10:00,2015-07-24T16:10:00+10:00,,,,,B,VH-VXI,738,,,,
JP2047 Trip #34,QF812,MEL-CBR,2015-07-26T12:20:00+10:00,2015-07-26T13:25:00+10:00,,,,,B,VH-XZF,738,,,,
JP2047 Trip #34,QF815,CBR-MEL,2015-08-07T15:00:00+10:00,2015-08-07T16:10:00+10:00,,,,,B,VH-XZL,738,,,,
JP2047 Trip #35,QF1528,MEL-CBR,2015-08-10T10:30:00+10:00,2015-08-10T11:35:00+10:00,,,,,B,VH-YQU,712,,,,
JP2047 Trip #35,QF815,CBR-MEL,2015-08-14T15:00:00+10:00,2015-08-14T16:10:00+10:00,,,,,B,,,,,,
JP2047 Trip #36,QF818,MEL-CBR,2015-08-16T15:25:00+10:00,2015-08-16T16:30:00+10:00,,,,,B,VH-VZB,738,,,,
JP2047 Trip #36,QF815,CBR-MEL,2015-08-21T15:00:00+10:00,2015-08-21T16:10:00+10:00,,,,,B,VH-XZP,738,,,,
JP2047 Trip #37,QF818,MEL-CBR,2015-08-23T15:25:00+10:00,2015-08-23T16:30:00+10:00,,,,,B,VH-VZP,738,,,,
JP2047 Trip #37,QF815,CBR-MEL,2015-09-03T15:00:00+10:00,2015-09-03T16:10:00+10:00,,,,,B,VH-VZZ,738,,,,
JP2047 Trip #38,QF822,MEL-CBR,2015-09-06T19:15:00+10:00,2015-09-06T20:20:00+10:00,,,,,B,,738,,,,
JP2047 Trip #38,QF1537,CBR-MEL,2015-09-11T00:00:00+10:00,2015-09-11T00:00:00+10:00,,,,,B,,717,,,Was booked on QF815 1500-1610,
JP2047 Trip #39,QF818,MEL-CBR,2015-09-13T15:25:00+10:00,2015-09-13T16:30:00+10:00,,,,,B,VH-VXM,738,,,,
JP2047 Trip #39,QF815,CBR-MEL,2015-09-18T15:00:00+10:00,2015-09-18T16:10:00+10:00,,,,,B,VH-VZS,738,,,,
Adelaide Trip #3,QF697,MEL-ADL,2015-09-18T18:15:00+10:00,2015-09-18T19:10:00+09:30,,,,,L,VH-VZZ,738,,,,
Adelaide Trip #3,QF692,ADL-MEL,2015-09-20T16:15:00+09:30,2015-09-20T18:05:00+10:00,,,,,L,VH-VZE,738,,,,
JP2047 Trip #40,QF822,MEL-CBR,2015-09-20T19:15:00+10:00,2015-09-20T20:20:00+10:00,,,,,B,,738,,,,
JP2047 Trip #40,QF815,CBR-MEL,2015-09-25T15:00:00+10:00,2015-09-25T16:10:00+10:00,,,,,B,VH-VXH,738,,,,
JP2047 Trip #41,QF822,MEL-CBR,2015-09-28T19:15:00+10:00,2015-09-28T20:20:00+10:00,,,,,B,VH-VXJ,738,,,,
JP2047 Trip #41,QF1537,CBR-MEL,2015-10-02T00:00:00+10:00,2015-10-02T00:00:00+10:00,,,,,B,VH-YQU,712,,,Was booked on QF815 1500-1610,
2015 Cairns Trip,QF702,MEL-CNS,2015-10-03T09:20:00+11:00,2015-10-03T12:45:00+10:00,,,,,L,VH-XZG,738,,,,
2015 Cairns Trip,QF703,CNS-MEL,2015-10-19T12:30:00+10:00,2015-10-19T16:50:00+11:00,,,,,L,VH-VXD,738,,,,
JP2047 Trip #42,QF1528,MEL-CBR,2015-10-20T00:00:00+11:00,2015-10-20T00:00:00+11:00,,,,,B,VH-YQT,712,,,Was booked on QF804 0720-0825,
JP2047 Trip #42,QF815,CBR-MEL,2015-10-23T15:00:00+11:00,2015-10-23T16:10:00+11:00,,,,,B,VH-VZL,738,,,,
JP2047 Trip #43,QF814,MEL-CBR,2015-10-26T00:00:00+11:00,2015-10-26T00:00:00+11:00,,,,,B,VH-VZV,738,,,,
JP2047 Trip #43,QF483,CBR-MEL,2015-10-29T00:00:00+11:00,2015-10-29T00:00:00+11:00,,,,,B,VH-VZP,738,,,,
JP2047 Trip #44,QF814,MEL-CBR,2015-11-30T09:00:00+11:00,2015-11-30T10:05:00+11:00,,,,,B,VH-VXH,738,,,,
JP2047 Trip #44,QF815,CBR-MEL,2015-12-04T15:00:00+11:00,2015-12-04T16:10:00+11:00,,,,,B,VH-VYK,738,,,,
New Years Trip,QF2283,MEL-LST,2015-12-31T00:00:00+11:00,2015-12-31T00:00:00+11:00,,,,,L,,DH4,,,,
JP2047 Trip #45,QF814,MEL-CBR,2016-01-04T09:00:00+11:00,2016-01-04T10:05:00+11:00,,,,,B,VH-VZR,738,,,,
JP2047 Trip #45,QF815,CBR-MEL,2016-01-08T15:00:00+11:00,2016-01-08T16:10:00+11:00,,,,,B,VH-VYH,738,,,,
JP2047 Trip #46,QF1528,MEL-CBR,2016-01-18T10:30:00+11:00,2016-01-18T11:35:00+11:00,,,,,B,VH-YQW,712,,,,
JP2047 Trip #46,QF815,CBR-MEL,2016-01-22T15:00:00+11:00,2016-01-22T16:10:00+11:00,,,,,B,,738,,,,
JP2047 Trip #47,QF804,MEL-CBR,2016-02-01T07:20:00+11:00,2016-02-01T08:25:00+11:00,,,,,B,VH-VYB,738,,,,
JP2047 Trip #47,QF1537,CBR-MEL,2016-02-04T00:00:00+11:00,2016-02-04T00:00:00+11:00,,,,,B,,717,,,Was booked on QF815 1500-1610,
Easter Trip 2016,QF2054,DPO-MEL,2016-04-01T00:00:00+11:00,2016-04-01T00:00:00+11:00,,,,,L,VH-LQQ,DH4,,,,
EUC Trip #1,QF826,MEL-CBR,2016-04-03T00:00:00+10:00,2016-04-03T00:00:00+10:00,,,,,B,VH-XZK,738,,,,
EUC Trip #1,QF819,CBR-MEL,2016-04-04T00:00:00+10:00,2016-04-04T00:00:00+10:00,,,,,B,VH-VXO,738,,,,
EUC Trip #2,QF804,MEL-CBR,2016-04-13T07:20:00+10:00,2016-04-13T08:25:00+10:00,,,,,B,VH-VZX,738,,,,
EUC Trip #2,QF819,CBR-MEL,2016-04-14T00:00:00+10:00,2016-04-14T00:00:00+10:00,,,,,B,VH-VZV,738,,,Was booked on QF483 2015-2125,
Bike Pickup,QF2051,MEL-DPO,2016-04-16T10:00:00+10:00,2016-04-16T11:05:00+10:00,,,,,L,VH-QOP,DH4,,,,
EUC Trip #3,QF804,MEL-CBR,2016-04-21T07:20:00+10:00,2016-04-21T08:25:00+10:00,,,,,B,VH-VZO,738,,,,
EUC Trip #3,QF819,CBR-MEL,2016-04-23T17:00:00+10:00,2016-04-23T18:10:00+10:00,,,,,B,,738,,,,
EUC Trip #4,QF804,MEL-CBR,2016-05-04T07:20:00+10:00,2016-05-04T08:25:00+10:00,,,,,B,VH-VYC,738,,,,
EUC Trip #4,QF819,CBR-MEL,2016-05-05T00:00:00+10:00,2016-05-05T00:00:00+10:00,,,,,B,VH-VYA,738,,,Was booked on QF833 1830-1940,
EUC Trip #5,QF804,MEL-CBR,2016-05-09T07:20:00+10:00,2016-05-09T08:25:00+10:00,,,,,B,VH-VXF,738,,,,
EUC Trip #5,QF819,CBR-MEL,2016-05-13T17:00:00+10:00,2016-05-13T18:10:00+10:00,,,,,B,VH-VZD,738,,,,
EUC Trip #6,QF814,MEL-CBR,2016-05-25T09:00:00+10:00,2016-05-25T10:05:00+10:00,,,,,B,VH-VZW,738,,,,
EUC Trip #6,QF819,CBR-MEL,2016-05-27T17:00:00+10:00,2016-05-27T18:10:00+10:00,,,,,B,VH-VXR,738,,,,
Jane's Birthday,QF2061,MEL-DPO,2016-05-27T19:05:00+10:00,2016-05-27T20:10:00+10:00,,,,,L,,DH4,,,,
Jane's Birthday,QF2058,DPO-MEL,2016-05-30T17:15:00+10:00,2016-05-30T18:20:00+10:00,,,,,L,,DH4,,,,
EUC Trip #7,QF1536,MEL-CBR,2016-06-02T00:00:00+10:00,2016-06-02T00:00:00+10:00,,,,,B,VH-YQX,712,,,Was booked on QF822 1915-2020,
EUC Trip #7,QF819,CBR-MEL,2016-06-03T17:00:00+10:00,2016-06-03T18:10:00+10:00,,,,,B,VH-VZC,738,,,,
Addison Bucks,QF2061,MEL-DPO,2016-06-03T19:05:00+10:00,2016-06-03T20:10:00+10:00,,,,,L,VH-LQQ,DH4,,,,
Addison Bucks,QF2058,DPO-MEL,2016-06-05T16:00:00+10:00,2016-06-05T17:05:00+10:00,,,,,L,VH-QOE,DH4,,,,
EUC Trip #8,QF804,MEL-CBR,2016-06-07T07:20:00+10:00,2016-06-07T08:25:00+10:00,,,,,B,VH-VXM,738,,,,
EUC Trip #8,QF819,CBR-MEL,2016-06-10T17:00:00+10:00,2016-06-10T18:10:00+10:00,,,,,B,VH-VZM,738,,,,
EUC Trip #9,QF804,MEL-CBR,2016-06-15T07:20:00+10:00,2016-06-15T08:25:00+10:00,,,,,B,VH-VYD,738,,,,
EUC Trip #9,QF819,CBR-MEL,2016-06-17T00:00:00+10:00,2016-06-17T00:00:00+10:00,,,,,B,VH-VYG,738,,,Was booked on QF833 1830-1940,
Addison Wedding,QF2285,MEL-LST,2016-06-30T15:30:00+10:00,2016-06-30T16:40:00+10:00,,,,,L,,DH4,,,,
Addison Wedding,QF2284,LST-MEL,2016-07-03T13:35:00+10:00,2016-07-03T14:50:00+10:00,,,,,L,,DH4,,,,
EUC Trip #10,QF814,MEL-CBR,2016-07-04T09:00:00+10:00,2016-07-04T10:05:00+10:00,,,,,B,VH-XZG,738,,,,
EUC Trip #10,QF833,CBR-MEL,2016-07-07T18:30:00+10:00,2016-07-07T19:40:00+10:00,,,,,B,VH-VXT,738,,,,
EUC Trip #11,QF804,MEL-CBR,2016-07-11T07:20:00+10:00,2016-07-11T08:25:00+10:00,,,,,B,VH-VXM,738,,,,
EUC Trip #11,QF851,CBR-MEL,2016-07-15T00:00:00+10:00,2016-07-15T00:00:00+10:00,,,,,B,,738,,,Was booked on QF819 1700-1810,
EUC Trip #12,QF804,MEL-CBR,2016-07-19T07:20:00+10:00,2016-07-19T08:25:00+10:00,,,,,B,VH-XZI,738,,,,
EUC Trip #12,QF819,CBR-MEL,2016-07-21T17:00:00+10:00,2016-07-21T18:10:00+10:00,,,,,B,VH-VZB,738,,,,
EUC Trip #13,QF804,MEL-CBR,2016-07-26T07:20:00+10:00,2016-07-26T08:25:00+10:00,YKDUXU,QVAAUY,QVAAUY,8.19101E+11,B,VH-VYE,738,,,,811.45 AUD
EUC Trip #13,QF815,CBR-MEL,2016-07-29T15:00:00+10:00,2016-07-29T16:10:00+10:00,YKDUXU,QVAAUY,QVAAUY,8.19101E+11,B,VH-VYH,738,,,Was booked on QF819 1700-1810,811.45 AUD
EUC Trip #14,QF804,MEL-CBR,2016-08-02T07:20:00+10:00,2016-08-02T08:25:00+10:00,YKMWQL,YRWFOC,YRWFOC,8.19101E+11,B,VH-VZV,738,,,811.45 + 69.60 AUD,811.45 AUD
EUC Trip #14,QF819,CBR-MEL,2016-08-04T17:00:00+10:00,2016-08-04T18:10:00+10:00,YKMWQL,YRWFOC,YRWFOC,8.19101E+11,B,VH-VXI,738,,,,811.45 AUD
EUC Trip #15,QF814,MEL-CBR,2016-08-08T09:00:00+10:00,2016-08-08T10:05:00+10:00,ZLHCAB,OFAHPI,OFAHPI,8.19101E+11,B,VH-VYF,738,,,"811.45, 69.60 AUD, 701.83 AUD, Ticket 819101230538",69.60 AUD
EUC Trip #15,QF815,CBR-MEL,2016-08-12T14:55:00+10:00,2016-08-12T16:05:00+10:00,ZLHCAB,OFAHPI,OFAHPI,8.19101E+11,B,VH-VXC,738,,,"811.45, 69.60 AUD, 701.83 AUD, Ticket 819101230538",69.60 AUD
EUC Trip #16,QF804,MEL-CBR,2016-08-16T07:20:00+10:00,2016-08-16T08:25:00+10:00,ZLBB38,OHZFYH,OHZFYH,8.19101E+11,B,VH-VXH,738,,,,771.43 AUD
EUC Trip #16,QF819,CBR-MEL,2016-08-18T17:00:00+10:00,2016-08-18T18:10:00+10:00,ZLBB38,OHZFYH,OHZFYH,8.19101E+11,B,VH-VYH,738,,,,771.43 AUD
Devonport August 2016,QF2057,MEL-DPO,2016-08-19T15:45:00+10:00,2016-08-19T16:50:00+10:00,ZJEYGE,ZJEYGE,,081-2461988510,L,,DH4,,Economy,Was booked on QF2061 1905-2010,347.02
Devonport August 2016,QF2058,DPO-MEL,2016-08-21T16:00:00+10:00,2016-08-21T17:05:00+10:00,ZJEYGE,ZJEYGE,,081-2461988510,L,,DH4,,Economy,,347.02
EUC Trip #17,QF804,MEL-CBR,2016-08-23T07:20:00+10:00,2016-08-23T08:25:00+10:00,ZLMUZR,CASDWP,CASDWP,8.19101E+11,B,VH-VYJ,738,,,,771.43 AUD
EUC Trip #17,QF819,CBR-MEL,2016-08-25T17:00:00+10:00,2016-08-25T18:10:00+10:00,ZLMUZR,CASDWP,CASDWP,8.19101E+11,B,VH-VZC,738,,,,771.43 AUD
EUC Trip #18,QF804,MEL-CBR,2016-08-30T07:20:00+10:00,2016-08-30T08:25:00+10:00,ZLYFIG,CACAEM,CACAEM,8.19101E+11,B,VH-XZL,738,,,,701.83 AUD
EUC Trip #18,QF815,CBR-MEL,2016-09-02T14:55:00+10:00,2016-09-02T16:05:00+10:00,ZLYFIG,CACAEM,CACAEM,8.19101E+11,B,VH-NXI,712,,,Was booked on QF815 1455-1605; Moved on to QF1535,701.83 AUD
EUC Trip #19,QF804,MEL-CBR,2016-09-06T07:20:00+10:00,2016-09-06T08:25:00+10:00,2AS5KS,WRVNZE,WRVNZE,8.19101E+11,B,VH-VYF,738,,,,870.30 AUD
EUC Trip #19,QF819,CBR-MEL,2016-09-08T17:00:00+10:00,2016-09-08T18:10:00+10:00,2AS5KS,WRVNZE,WRVNZE,8.19101E+11,B,,,,,,870.30 AUD
Hong Kong September 2016,QF400,MEL-SYD,2016-09-09T06:00:00+10:00,2016-09-09T07:25:00+10:00,Y4NL7Q,Y4NL7Q,,081-2461753178,L,,332,33B,Economy,Was booked on QF412 0730-0855; Mum was in 33A,2240.04
Hong Kong September 2016,QF83,SYD-HKG,2016-09-09T10:15:00+10:00,2016-09-09T17:40:00+08:00,Y4NL7Q,Y4NL7Q,,081-2461753178,L,,333,24B,Economy,Mum was in 24A,2240.04
Hong Kong September 2016,QF30,HKG-MEL,2016-09-11T20:30:00+08:00,2016-09-12T08:00:00+10:00,Y4NL7Q,Y4NL7Q,,081-2461753178,L,,744,,Premium Economy,,2240.04
EUC Trip #20,QF804,MEL-CBR,2016-09-13T07:20:00+10:00,2016-09-13T08:25:00+10:00,2A9KUX,KHCINZ,KHCINZ,8.19101E+11,B,,,,,,771.43 AUD
EUC Trip #20,QF819,CBR-MEL,2016-09-15T17:00:00+10:00,2016-09-15T18:10:00+10:00,2A9KUX,KHCINZ,KHCINZ,8.19101E+11,B,,,,,,771.43 AUD
EUC Trip #21,QF804,MEL-CBR,2016-09-27T07:20:00+10:00,2016-09-27T08:25:00+10:00,3J9PRN,RBVUSL,RBVUSL,8.11053E+11,B,,738,,,,898.96 AUD
EUC Trip #21,QF819,CBR-MEL,2016-09-29T17:00:00+10:00,2016-09-29T18:10:00+10:00,3J9PRN,RBVUSL,RBVUSL,8.11053E+11,B,,738,,,,898.96 AUD
EUC Trip #22,QF804,MEL-CBR,2016-10-04T07:20:00+11:00,2016-10-04T08:25:00+11:00,3J4388,ZPUQSH,ZPUQSH,8.11053E+11,B,,738,,,8.11054E+11,887.96 AUD
EUC Trip #22,QF815,CBR-MEL,2016-10-07T15:00:00+11:00,2016-10-07T16:10:00+11:00,3J4388,ZPUQSH,ZPUQSH,8.11053E+11,B,,738,,,8.11054E+11,887.96 AUD
EUC Trip #23,QF804,MEL-CBR,2016-10-11T07:20:00+11:00,2016-10-11T08:25:00+11:00,4CIJUH,FMSTUQ,FMSTUQ,8.11054E+11,B,,738,,,,867.19 AUD
EUC Trip #23,QF819,CBR-MEL,2016-10-13T17:00:00+11:00,2016-10-13T18:10:00+11:00,4CIJUH,FMSTUQ,FMSTUQ,8.11054E+11,B,,738,,,,867.19 AUD
Devonport October 2016,QF2057,MEL-DPO,2016-10-14T15:45:00+11:00,2016-10-14T16:50:00+11:00,4WAOF3,4WAOF3,,081-2464150402,L,,DH4,,Economy,,348.52
Devonport October 2016,QF2058,DPO-MEL,2016-10-16T16:00:00+11:00,2016-10-16T17:05:00+11:00,4WAOF3,4WAOF3,,081-2464150402,L,,DH4,,Economy,,348.52
EUC Trip #24,QF804,MEL-CBR,2016-10-18T07:20:00+11:00,2016-10-18T08:25:00+11:00,4CBIZN,IKNJXM,IKNJXM,8.11054E+11,B,,738,7D,,,784.97 AUD
EUC Trip #24,QF819,CBR-MEL,2016-10-20T17:00:00+11:00,2016-10-20T18:10:00+11:00,4CBIZN,IKNJXM,IKNJXM,8.11054E+11,B,,738,6D,,,784.97 AUD
EUC Trip #27,QF818,MEL-CBR,2016-11-06T15:20:00+11:00,2016-11-06T16:25:00+11:00,568FZM,RSLTZO,RSLTZO,8.11054E+11,B,,738,,,,692.11 AUD
EUC Trip #27,QF819,CBR-MEL,2016-11-08T17:00:00+11:00,2016-11-08T18:10:00+11:00,568FZM,RSLTZO,RSLTZO,8.11054E+11,B,,738,,,,692.11 AUD
EUC Trip #28,QF804,MEL-CBR,2016-11-15T07:20:00+11:00,2016-11-15T08:25:00+11:00,57GZN4,LCQGCD,LCQGCD,8.11054E+11,B,,738,,,,582.84 AUD
EUC Trip #28,QF2139,CBR-MEL,2016-11-19T13:45:00+11:00,2016-11-19T14:55:00+11:00,57GZN4,LCQGCD,LCQGCD,8.11054E+11,B,,DH4,,,,582.84 AUD
EUC Trip #29,QF804,MEL-CBR,2016-11-22T07:20:00+11:00,2016-11-22T08:25:00+11:00,57R8IQ,IYPEWC,IYPEWC,8.11054E+11,B,,738,,,,922.32 AUD
EUC Trip #29,QF819,CBR-MEL,2016-11-24T17:00:00+11:00,2016-11-24T18:10:00+11:00,57R8IQ,IYPEWC,IYPEWC,8.11054E+11,B,,738,,,,922.32 AUD
Devonport November 2016,QF2061,MEL-DPO,2016-11-24T19:15:00+11:00,2016-11-24T20:20:00+11:00,6KGTMT,6KGTMT,,081-2465071748,L,,DH4,,Economy,,321.21
Devonport November 2016,QF2058,DPO-MEL,2016-11-27T16:00:00+11:00,2016-11-27T17:05:00+11:00,6KGTMT,6KGTMT,,081-2465071748,L,,DH4,,Economy,,321.21
EUC Trip #30,QF804,MEL-CBR,2016-11-29T07:20:00+11:00,2016-11-29T08:25:00+11:00,79QQD2,PABRWA,PABRWA,8.11164E+11,B,,738,,,,997.13 AUD
EUC Trip #30,QF819,CBR-MEL,2016-12-01T17:00:00+11:00,2016-12-01T18:10:00+11:00,79QQD2,PABRWA,PABRWA,8.11164E+11,B,,738,,,,997.13 AUD
EUC Trip #31,QF804,MEL-CBR,2016-12-06T07:20:00+11:00,2016-12-06T08:25:00+11:00,792BO3,IKECIL,IKECIL,8.11164E+11,B,,738,,,,922.32 AUD
EUC Trip #31,QF819,CBR-MEL,2016-12-08T17:00:00+11:00,2016-12-08T18:10:00+11:00,792BO3,IKECIL,IKECIL,8.11164E+11,B,,738,,,,922.32 AUD
EUC Trip #32,QF804,MEL-CBR,2016-12-13T07:20:00+11:00,2016-12-13T08:25:00+11:00,79UFAV,PBDAEC,PBDAEC,8.11164E+11,B,,738,,,,784.97 AUD
EUC Trip #32,QF819,CBR-MEL,2016-12-15T17:00:00+11:00,2016-12-15T18:10:00+11:00,79UFAV,PBDAEC,PBDAEC,8.11164E+11,B,,738,6F,,,784.97 AUD
EUC Trip #33,QF814,MEL-CBR,2017-01-09T09:00:00+11:00,2017-01-09T10:05:00+11:00,YWH2TG,HMMLAP,HMMLAP,8.11165E+11,B,,738,,,,625.13 AUD
EUC Trip #33,QF819,CBR-MEL,2017-01-13T17:00:00+11:00,2017-01-13T18:10:00+11:00,YWH2TG,HMMLAP,HMMLAP,8.11165E+11,B,,738,,,,625.13 AUD
EUC Trip #34,QF804,MEL-CBR,2017-01-17T07:20:00+11:00,2017-01-17T08:25:00+11:00,X6UJMT,BGVVYI,BGVVYI,,B,,738,,,,
EUC Trip #34,QF819,CBR-MEL,2017-01-19T17:00:00+11:00,2017-01-19T18:10:00+11:00,X6UJMT,BGVVYI,BGVVYI,,B,,738,,,,
EUC Trip #35,QF804,MEL-CBR,2017-01-23T07:20:00+11:00,2017-01-23T08:25:00+11:00,X6W55I,VGADCI,VGADCI,,B,,738,,,,
EUC Trip #35,QF819,CBR-MEL,2017-01-25T17:00:00+11:00,2017-01-25T18:10:00+11:00,X6W55I,VGADCI,VGADCI,,B,,738,,,,
EUC Trip #36,QF804,MEL-CBR,2017-01-31T07:20:00+11:00,2017-01-31T08:25:00+11:00,2O7KCB,FKDMKG,FKDMKG,8.11165E+11,B,,738,,,,"1,008.41 AUD"
EUC Trip #36,QF819,CBR-MEL,2017-02-02T17:00:00+11:00,2017-02-02T18:10:00+11:00,2O7KCB,FKDMKG,FKDMKG,8.11165E+11,B,,738,,,,"1,008.41 AUD"
EUC Trip #37,QF804,MEL-CBR,2017-02-06T07:20:00+11:00,2017-02-06T08:25:00+11:00,2O4VKT,VSOSBY,VSOSBY,8.11165E+11,B,,738,,,,905.94 AUD
EUC Trip #37,QF819,CBR-MEL,2017-02-09T17:00:00+11:00,2017-02-09T18:10:00+11:00,2O4VKT,VSOSBY,VSOSBY,8.11165E+11,B,,738,,,,905.94 AUD
EUC Trip #38,QF804,MEL-CBR,2017-02-14T07:20:00+11:00,2017-02-14T08:25:00+11:00,3Q9EPB,VHRFDT,VHRFDT,8.11165E+11,B,,738,,,,"1,008.41 AUD"
EUC Trip #38,QF819,CBR-MEL,2017-02-16T17:00:00+11:00,2017-02-16T18:10:00+11:00,3Q9EPB,VHRFDT,VHRFDT,8.11165E+11,B,,738,,,,"1,008.41 AUD"
EUC Trip #39,QF804,MEL-CBR,2017-02-21T07:20:00+11:00,2017-02-21T08:25:00+11:00,3RBT7A,VRQSPO,VRQSPO,8.11165E+11,B,,738,,,,938.82 AUD
EUC Trip #39,QF819,CBR-MEL,2017-02-23T17:00:00+11:00,2017-02-23T18:10:00+11:00,3RBT7A,VRQSPO,VRQSPO,8.11165E+11,B,,738,,,,938.82 AUD
EUC Trip #40,QF822,MEL-CBR,2017-02-27T19:40:00+11:00,2017-02-27T20:45:00+11:00,3RKSRP,XXAORX,XXAORX,8.11165E+11,B,,738,,,,641.77 AUD
EUC Trip #40,QF819,CBR-MEL,2017-03-02T17:00:00+11:00,2017-03-02T18:10:00+11:00,3RKSRP,XXAORX,XXAORX,8.11165E+11,B,,738,,,,641.77 AUD
EUC Trip #41,QF804,MEL-CBR,2017-03-07T07:20:00+11:00,2017-03-07T08:25:00+11:00,42BT8O,QGXQDN,QGXQDN,8.11331E+11,L,,73H,,,,"1,047.65 AUD"
EUC Trip #41,QF815,CBR-MEL,2017-03-09T15:00:00+11:00,2017-03-09T16:10:00+11:00,42BT8O,QGXQDN,QGXQDN,8.11331E+11,L,,73H,,,,"1,047.65 AUD"
EUC Trip #42,QF804,MEL-CBR,2017-03-14T07:20:00+11:00,2017-03-14T08:25:00+11:00,4Z6J3W,RBEEXG,RBEEXG,8.11331E+11,L,,73H,9A,,,
EUC Trip #42,QF815,CBR-MEL,2017-03-17T15:00:00+11:00,2017-03-17T16:10:00+11:00,4Z6J3W,RBEEXG,RBEEXG,8.11331E+11,L,,73H,,,,
EUC Trip #43,QF804,MEL-CBR,2017-03-21T07:20:00+11:00,2017-03-21T08:25:00+11:00,42H7KS,LIPDHG,LIPDHG,8.11331E+11,L,,73H,,,,818.44 AUD
EUC Trip #43,QF819,CBR-MEL,2017-03-23T17:00:00+11:00,2017-03-23T18:10:00+11:00,42H7KS,LIPDHG,LIPDHG,8.11331E+11,L,,73H,,,,818.44 AUD
EUC Trip #44,QF804,MEL-CBR,2017-03-28T07:20:00+11:00,2017-03-28T08:25:00+11:00,42LSEZ,CFMZXX,CFMZXX,8.11331E+11,L,,73H,,,,818.44 AUD
EUC Trip #44,QF819,CBR-MEL,2017-03-30T17:00:00+11:00,2017-03-30T18:10:00+11:00,42LSEZ,CFMZXX,CFMZXX,8.11331E+11,L,,73H,,,,818.44 AUD
Devonport March 2017,QF2057,MEL-DPO,2017-03-31T15:40:00+11:00,2017-03-31T16:45:00+11:00,548A2X,548A2X,,081-2469659690,L,,DH4,,Economy,,215.8
Devonport March 2017,ZL3574,BWT-MEL,2017-04-02T16:20:00+10:00,2017-04-02T17:35:00+10:00,LRQYHR,,,899 21 7175 1843,L,,SF3,,,,166.65
EUC Trip #45,QF804,MEL-CBR,2017-04-04T07:00:00+10:00,2017-04-04T08:05:00+10:00,6OEAKQ,6OEAKQ,,8.11332E+11,L,,73H,,Economy,,807.94
EUC Trip #45,QF815,CBR-MEL,2017-04-07T15:15:00+10:00,2017-04-07T16:25:00+10:00,6OEAKQ,6OEAKQ,,8.11332E+11,L,,73H,,Economy,,807.94
EUC Trip #46,QF804,MEL-CBR,2017-04-11T07:00:00+10:00,2017-04-11T08:05:00+10:00,6N7979,DPGAGA,DPGAGA,8.11332E+11,L,,73H,,,,975.44 AUD
EUC Trip #46,QF819,CBR-MEL,2017-04-13T17:05:00+10:00,2017-04-13T18:15:00+10:00,6N7979,DPGAGA,DPGAGA,8.11332E+11,L,,73H,,,,975.44 AUD
Innisfail Easter 2017,QF702,MEL-CNS,2017-04-14T09:10:00+10:00,2017-04-14T12:35:00+10:00,44YA3K,44YA3K,,081-2469166994,L,,,,Economy,,1440.58
Innisfail Easter 2017,QF971,TSV-BNE,2017-04-18T11:35:00+10:00,2017-04-18T13:20:00+10:00,44YA3K,44YA3K,,081-2469166994,L,,,,Economy,,1440.58
Innisfail Easter 2017,QF627,BNE-MEL,2017-04-18T15:55:00+10:00,2017-04-18T18:20:00+10:00,44YA3K,44YA3K,,081-2469166994,L,,,,Economy,,1440.58
EUC Trip #47,QF804,MEL-CBR,2017-04-19T07:00:00+10:00,2017-04-19T08:05:00+10:00,6OF7GV,XSGNQD,XSGNQD,8.11332E+11,L,,73H,,,,723.12 AUD
EUC Trip #47,QF819,CBR-MEL,2017-04-21T17:05:00+10:00,2017-04-21T18:15:00+10:00,6OF7GV,XSGNQD,XSGNQD,8.11332E+11,L,,73H,,,,723.12 AUD
EUC Trip #48,QF804,MEL-CBR,2017-04-26T07:00:00+10:00,2017-04-26T08:05:00+10:00,6N95O6,GVLTRC,GVLTRC,8.11332E+11,L,,73H,,,,768.35 AUD
EUC Trip #48,QF819,CBR-MEL,2017-04-28T17:05:00+10:00,2017-04-28T18:15:00+10:00,6N95O6,GVLTRC,GVLTRC,8.11332E+11,L,,73H,,,,768.35 AUD
Devonport April 2017,QF2061,MEL-DPO,2017-05-05T19:15:00+10:00,2017-05-05T20:20:00+10:00,6KZZ8A,6KZZ8A,,081-2469932787,L,,DH4,,Economy,,392
Devonport April 2017,QF2058,DPO-MEL,2017-05-07T16:00:00+10:00,2017-05-07T17:05:00+10:00,6KZZ8A,6KZZ8A,,081-2469932787,L,,DH4,,Economy,,392
EUC Trip #49,QF822,MEL-CBR,2017-05-08T19:30:00+10:00,2017-05-08T20:35:00+10:00,KSKZ84,AYPLSH,AYPLSH,8.11332E+11,L,,73H,,,,792.81 AUD
EUC Trip #49,QF819,CBR-MEL,2017-05-11T17:05:00+10:00,2017-05-11T18:15:00+10:00,KSKZ84,AYPLSH,AYPLSH,8.11332E+11,L,,73H,,,,792.81 AUD
Devonport May 2017,QF2061,MEL-DPO,2017-05-11T19:15:00+10:00,2017-05-11T20:20:00+10:00,SYINOM,SYINOM,,081-2471124073,L,,DH4,,Economy,,505.5
Devonport May 2017,QF2050,DPO-MEL,2017-05-14T08:25:00+10:00,2017-05-14T09:30:00+10:00,SYINOM,SYINOM,,081-2471124073,L,,DH4,,Economy,,505.5
EUC Trip #50,QF822,MEL-CBR,2017-05-15T19:30:00+10:00,2017-05-15T20:35:00+10:00,KS9MUI,SCPYWL,SCPYWL,8.11332E+11,L,,73H,,,,772.78 AUD
EUC Trip #50,QF819,CBR-MEL,2017-05-18T17:05:00+10:00,2017-05-18T18:15:00+10:00,KS9MUI,SCPYWL,SCPYWL,8.11332E+11,L,,73H,,,,772.78 AUD
EUC Trip #51,QF822,MEL-CBR,2017-05-22T19:30:00+10:00,2017-05-22T20:35:00+10:00,KSV7GW,SUAVVU,SUAVVU,8.11332E+11,L,,73H,,,,664.48 AUD
EUC Trip #51,QF819,CBR-MEL,2017-05-25T17:05:00+10:00,2017-05-25T18:15:00+10:00,KSV7GW,SUAVVU,SUAVVU,8.11332E+11,L,,73H,,,,664.48 AUD
EUC Trip #52,QF822,MEL-CBR,2017-05-29T19:30:00+10:00,2017-05-29T20:35:00+10:00,KSQQ47,TEHZYS,TEHZYS,8.11332E+11,L,,73H,,,,523.01 AUD
EUC Trip #52,QF815,CBR-MEL,2017-06-01T15:15:00+10:00,2017-06-01T16:25:00+10:00,KSQQ47,TEHZYS,TEHZYS,8.11332E+11,L,,73H,,,,523.01 AUD
EUC Trip #53,QF804,MEL-CBR,2017-06-06T07:00:00+10:00,2017-06-06T08:05:00+10:00,TNL5BA,EDXKFP,EDXKFP,8.14972E+11,L,,73H,,,,695.14 AUD
EUC Trip #53,QF815,CBR-MEL,2017-06-08T15:15:00+10:00,2017-06-08T16:25:00+10:00,TNL5BA,EDXKFP,EDXKFP,8.14972E+11,L,,73H,,,,695.14 AUD
Devonport June 2017,QF2061,MEL-DPO,2017-06-08T19:15:00+10:00,2017-06-08T20:20:00+10:00,SNUC4D,SNUC4D,,081-2471741754,L,,DH4,,Economy,,648.4
Devonport June 2017,QF2058,DPO-MEL,2017-06-12T17:10:00+10:00,2017-06-12T18:15:00+10:00,SNUC4D,SNUC4D,,081-2471741754,L,,DH4,,Economy,,648.4
EUC Trip #54,QF822,MEL-CBR,2017-06-12T19:30:00+10:00,2017-06-12T20:35:00+10:00,TO47MT,KEHKQX,KEHKQX,8.14972E+11,L,,73H,,,,818.44 AUD
EUC Trip #54,QF819,CBR-MEL,2017-06-15T17:05:00+10:00,2017-06-15T18:15:00+10:00,TO47MT,KEHKQX,KEHKQX,8.14972E+11,L,,73H,,,,818.44 AUD
EUC Trip #55,QF822,MEL-CBR,2017-06-19T19:30:00+10:00,2017-06-19T20:35:00+10:00,TNYY24,WMFCNJ,WMFCNJ,8.14972E+11,L,,73H,,,,664.48 AUD
EUC Trip #55,QF819,CBR-MEL,2017-06-22T17:05:00+10:00,2017-06-22T18:15:00+10:00,TNYY24,WMFCNJ,WMFCNJ,8.14972E+11,L,,73H,,,,664.48 AUD
EUC Trip #56,QF742,MEL-CBR,2017-06-26T18:50:00+10:00,2017-06-26T19:55:00+10:00,TOPQIW,CEBYJA,CEBYJA,8.14972E+11,L,,73H,,,,664.48 AUD
EUC Trip #56,QF819,CBR-MEL,2017-06-29T17:05:00+10:00,2017-06-29T18:15:00+10:00,TOPQIW,CEBYJA,CEBYJA,8.14972E+11,L,,73H,,,,664.48 AUD
EUC Trip #57,QF822,MEL-CBR,2017-07-02T19:30:00+10:00,2017-07-02T20:35:00+10:00,M55TZV,CBDKDL,CBDKDL,8.14973E+11,L,,73H,,,,818.44 AUD
EUC Trip #57,QF819,CBR-MEL,2017-07-07T17:05:00+10:00,2017-07-07T18:15:00+10:00,M55TZV,CBDKDL,CBDKDL,8.14973E+11,L,,73H,,,,818.44 AUD
EUC Trip #58,QF822,MEL-CBR,2017-07-10T19:30:00+10:00,2017-07-10T20:35:00+10:00,VYJHAY,TLMNF4,,,L,,73H,,Economy - M,,AUD 925.27
EUC Trip #58,QF819,CBR-MEL,2017-07-13T17:05:00+10:00,2017-07-13T18:15:00+10:00,VYJHAY,TLMNF4,,,L,,73H,,Economy - Y,,AUD 925.27
EUC Trip #59,QF826,MEL-CBR,2017-07-17T16:40:00+10:00,2017-07-17T17:45:00+10:00,TDX26Q,BRSS9W,,,B,,73H,,Economy - M,,AUD 743.37
EUC Trip #59,QF819,CBR-MEL,2017-07-20T17:05:00+10:00,2017-07-20T18:15:00+10:00,TDX26Q,BRSS9W,,,B,,73H,,Economy - K,,AUD 743.37
EUC Trip #60,QF742,MEL-CBR,2017-07-24T18:50:00+10:00,2017-07-24T19:55:00+10:00,JESE7X,38TT00,,,L,,73H,,Economy - N,,AUD 607.59
EUC Trip #60,QF819,CBR-MEL,2017-07-27T17:05:00+10:00,2017-07-27T18:15:00+10:00,JESE7X,38TT00,,,L,,73H,,Economy - K,,AUD 607.59
EUC Trip #61,QF742,MEL-CBR,2017-07-31T18:50:00+10:00,2017-07-31T19:55:00+10:00,LCCR6S,BCXDM2,,,L,,73H,,Economy - N,,AUD 613.01
EUC Trip #61,QF819,CBR-MEL,2017-08-03T17:05:00+10:00,2017-08-03T18:15:00+10:00,LCCR6S,BCXDM2,,,L,,73H,,Economy - K,,AUD 613.01
EUC Trip #62,QF742,MEL-CBR,2017-08-07T18:50:00+10:00,2017-08-07T19:55:00+10:00,LCLC2T,BFC7K0,,,L,,73H,,Economy - N,,AUD 794.64
EUC Trip #62,QF819,CBR-MEL,2017-08-10T17:05:00+10:00,2017-08-10T18:15:00+10:00,LCLC2T,BFC7K0,,,L,,73H,,Economy - Y,,AUD 794.64
EUC Trip #63,QF742,MEL-CBR,2017-08-14T18:50:00+10:00,2017-08-14T19:55:00+10:00,NKBCJB,ST1DGY,,,L,,73H,,Economy - M,,AUD 821.69
EUC Trip #63,QF819,CBR-MEL,2017-08-18T17:05:00+10:00,2017-08-18T18:15:00+10:00,NKBCJB,ST1DGY,,,L,,73H,,Economy - H,,AUD 821.69
EUC Trip #64,QF742,MEL-CBR,2017-08-21T18:50:00+10:00,2017-08-21T19:55:00+10:00,NOIM8Y,T8L6LA,,,L,,73H,,Economy - M,,AUD 748.64
EUC Trip #64,QF819,CBR-MEL,2017-08-24T17:05:00+10:00,2017-08-24T18:15:00+10:00,NOIM8Y,T8L6LA,,,L,,73H,,Economy - K,,AUD 748.64
EUC Trip #65,QF742,MEL-CBR,2017-08-28T18:50:00+10:00,2017-08-28T19:55:00+10:00,TQ4Y9V,RLD5M6,,,L,,73H,,Economy - Q,,AUD 675.14
EUC Trip #65,QF819,CBR-MEL,2017-08-31T17:05:00+10:00,2017-08-31T18:15:00+10:00,TQ4Y9V,RLD5M6,,,L,,73H,,Economy - H,,AUD 675.14
EUC Trip #66,QF848,MEL-CBR,2017-09-04T12:00:00+10:00,2017-09-04T13:05:00+10:00,TP7AAA,RJWXR0,,,L,,73H,,Economy - S,,AUD 686.06
EUC Trip #66,QF819,CBR-MEL,2017-09-07T17:05:00+10:00,2017-09-07T18:15:00+10:00,TP7AAA,RJWXR0,,,L,,73H,,Economy - H,,AUD 686.06
EUC Trip #67,QF742,MEL-CBR,2017-09-11T18:50:00+10:00,2017-09-11T19:55:00+10:00,M7DYE7,V1D376,,0815792770017,L,,73H,,Red e-Deal (Q),,AUD 775.03
EUC Trip #67,QF819,CBR-MEL,2017-09-14T17:05:00+10:00,2017-09-14T18:15:00+10:00,M7DYE7,V1D376,,0815792770017,L,,73H,,FLEX Y/B (Y),,AUD 775.03
Ignite 2017,QF93,MEL-LAX,2017-09-24T09:15:00+10:00,2017-09-24T06:35:00-07:00,"5KG6IK, CHKKCA",LQUDGB,LQUDGB,,L,,388,24A,Premium Economy,,
Ignite 2017,VX1312,LAX-MCO,2017-09-24T10:21:00-07:00,2017-09-24T18:32:00-04:00,"5KG6IK, CHKKCA",LQUDGB,LQUDGB,,L,,320,,Premium Economy,,
Ignite 2017,AA2623,MCO-DCA,2017-09-29T20:45:00-04:00,2017-09-29T22:54:00-04:00,LBWBSA,,,12127625880,L,,738,,I,,302
Ignite 2017,AA478,JFK-CLT,2017-10-05T12:01:00-04:00,2017-10-05T13:52:00-04:00,FXWIQJ,,,12130835380,L,,320,,L,,404.9
Ignite 2017,AA1822,CLT-AUS,2017-10-05T14:35:00-04:00,2017-10-05T16:20:00-05:00,FXWIQJ,,,12130835380,L,,319,,L,,404.9
Ignite 2017,AA1595,AUS-DFW,2017-10-09T06:25:00-05:00,2017-10-09T07:34:00-05:00,KFSNKL,,,12145574214,L,,,,I,,377.2
Ignite 2017,AA2250,DFW-LAX,2017-10-09T08:40:00-05:00,2017-10-09T10:22:00-07:00,KFSNKL,,,12145574214,L,,,,I,,377.2
Ignite 2017,QF94,LAX-MEL,2017-10-12T22:10:00-07:00,2017-10-14T07:55:00+11:00,"5KG6IK, CHKKCA",LQUDGB,LQUDGB,,L,,388,24K,Premium Economy,,
EUC Trip #69,QF742,MEL-CBR,2017-10-16T18:30:00+11:00,2017-10-16T19:35:00+11:00,M7Z68L,V24G5Y,,,L,,73H,,Economy - E,,AUD 564.40
EUC Trip #69,QF819,CBR-MEL,2017-10-19T17:00:00+11:00,2017-10-19T18:10:00+11:00,M7Z68L,V24G5Y,,,L,,73H,,Economy - K,,AUD 564.40
EUC Trip #70,QF804,MEL-CBR,2017-10-24T07:20:00+11:00,2017-10-24T08:25:00+11:00,V9JTVH,L1MXFG,,,L,,73H,,Economy - H,,AUD 958.96
EUC Trip #70,QF819,CBR-MEL,2017-10-27T17:00:00+11:00,2017-10-27T18:10:00+11:00,V9JTVH,L1MXFG,,,L,,73H,,Economy - H,,AUD 958.96
EUC Trip #72,QF742,MEL-CBR,2017-11-13T18:30:00+11:00,2017-11-13T19:35:00+11:00,QKWRH4,C1WQB0,,,L,,73H,,Economy - S,,AUD 600.99
EUC Trip #72,QF819,CBR-MEL,2017-11-16T17:00:00+11:00,2017-11-16T18:10:00+11:00,QKWRH4,C1WQB0,,,L,,73H,,Economy - M,,AUD 600.99
EUC Trip #73,QF742,MEL-CBR,2017-11-27T18:30:00+11:00,2017-11-27T19:35:00+11:00,QL5Q2Q,C28CXW,,,L,,73H,,Economy - Q,,AUD 673.48
EUC Trip #73,QF819,CBR-MEL,2017-11-30T17:00:00+11:00,2017-11-30T18:10:00+11:00,QL5Q2Q,C28CXW,,,L,,73H,,Economy - H,,AUD 673.48
EUC Trip #74,QF814,MEL-CBR,2017-12-07T09:00:00+11:00,2017-12-07T10:05:00+11:00,MMRGMM,JD6NXX,,,L,,73H,,Economy - N,,AUD 618.30
EUC Trip #74,QF833,CBR-MEL,2017-12-08T18:35:00+11:00,2017-12-08T19:45:00+11:00,MMRGMM,JD6NXX,,,L,,73H,,Economy - K,,AUD 618.30
EUC Trip #75,QF1536,MEL-CBR,2017-12-11T17:45:00+11:00,2017-12-11T18:50:00+11:00,VBMBOW,4MWJVG,,,L,,717,6D,Economy - N,,AUD 562.85
EUC Trip #75,QF815,CBR-MEL,2017-12-15T15:00:00+11:00,2017-12-15T16:10:00+11:00,VBMBOW,4MWJVG,,,L,,73H,6D,Economy - M,,AUD 562.85
EUC Trip #76,QF819,CBR-MEL,2018-01-18T17:00:00+11:00,2018-01-18T18:10:00+11:00,K4TULU,,K4TULU,081-5795109540,L,,73H,6F,FLEX,Fare Basis Code: MPTLDS18;,349.24 AUD
EUC Trip #77,QF804,MEL-CBR,2018-01-22T07:00:00+11:00,2018-01-22T08:05:00+11:00,RFHNWX,,RFHNWX,081-5795265739,L,,73H,,Red e-Deal,,645.61 AUD
EUC Trip #77,QF815,CBR-MEL,2018-01-24T15:00:00+11:00,2018-01-24T16:10:00+11:00,RFHNWX,,RFHNWX,081-5795265739,L,,73H,,FLEX,,645.61 AUD
EUC Trip #77,QF819,CBR-MEL,2018-01-24T17:00:00+11:00,2018-01-24T18:10:00+11:00,RFHNWX,,RFHNWX,081-5795265739,L,,73H,7F,FLEX,Fare Basis Code: MPTLDS18;,645.61 AUD
EUC Trip #78,QF814,MEL-CBR,2018-02-06T09:00:00+11:00,2018-02-06T10:05:00+11:00,VQBFAV,,VQBFAV,,L,,73H,,FLEX,Fare Basis Code: MPTLDS18;,828.72 AUD
EUC Trip #78,QF2133,CBR-MEL,2018-02-09T16:20:00+11:00,2018-02-09T17:35:00+11:00,VQBFAV,,VQBFAV,,L,,DH4,,FLEX,Fare Basis Code: HPTLDS18;,828.72 AUD
EUC Trip #79,QF814,MEL-CBR,2018-02-12T09:00:00+11:00,2018-02-12T10:05:00+11:00,SYJ2YB,,SYJ2YB,081-5795637394,L,,73H,,FLEX,Fare Basis Code: KPTLDS18;,818.16 AUD
EUC Trip #79,QF819,CBR-MEL,2018-02-13T17:00:00+11:00,2018-02-13T18:10:00+11:00,SYJ2YB,,SYJ2YB,081-5795637394,L,,73H,,FLEX,Fare Basis Code: KPTLDS18;,818.16 AUD
EUC Trip #80,QF814,MEL-CBR,2018-02-20T09:00:00+11:00,2018-02-20T10:05:00+11:00,VSQD98,,VSQD98,081-5795450256,L,,73H,,Red e-Deal,Fare Basis Code: SPTLDS18;,731.23 AUD
EUC Trip #80,QF819,CBR-MEL,2018-02-22T17:00:00+11:00,2018-02-22T18:10:00+11:00,VSQD98,,VSQD98,081-5795450256,L,,73H,,FLEX,Fare Basis Code: HPTLDS18;,731.23 AUD
EUC Trip #81,QF2130,MEL-CBR,2018-03-05T12:35:00+11:00,2018-03-05T13:45:00+11:00,WYA87R,,WYA87R,081-5795545642,L,,DH4,,Red e-Deal,Fare Basis Code: SPTLDS18;,
EUC Trip #81,QF2133,CBR-MEL,2018-03-08T16:20:00+11:00,2018-03-08T17:35:00+11:00,,,WYA87R,081-5795545642,L,,DH4,,FLEX,Fare Basis Code: HPTLDS18;,
EUC Trip #82,QF814,MEL-CBR,2018-03-26T09:00:00+11:00,2018-03-26T10:05:00+11:00,U4RE4V,,U4RE4V,081-5795741977,L,,73H,,Red e-Deal,Fare Basis Code: VPTLDS18;,708.26 AUD
EUC Trip #82,QF819,CBR-MEL,2018-03-28T17:10:00+11:00,2018-03-28T18:20:00+11:00,U4RE4V,,U4RE4V,081-5795741977,L,,73H,,FLEX,Fare Basis Code: KPTLDS18;,708.26 AUD
Innisfail Easter 2018,QF614,MEL-BNE,2018-03-29T11:10:00+11:00,2018-03-29T12:20:00+10:00,JOURTI,JOURTI,,081-2478689982,L,,73H,,Economy,,
Innisfail Easter 2018,QF784,BNE-CNS,2018-03-29T14:10:00+10:00,2018-03-29T16:35:00+10:00,JOURTI,JOURTI,,081-2478689982,L,,73H,,Economy,,
Innisfail Easter 2018,QF1709,CNS-BNE,2018-04-03T10:40:00+10:00,2018-04-03T12:45:00+10:00,JOURTI,JOURTI,,081-2478689982,L,,717,,Business,,
Innisfail Easter 2018,QF625,BNE-MEL,2018-04-03T15:00:00+10:00,2018-04-03T17:25:00+10:00,JOURTI,JOURTI,,081-2478689982,L,,73H,,Business,,
EUC Trip #83,QF814,MEL-CBR,2018-04-04T09:00:00+10:00,2018-04-04T10:05:00+10:00,WQ6JRS,,WQ6JRS,081-5796248836,L,,73H,6D,Red e-Deal,Fare Basis Code: NPTLDS18;,699.37 AUD
EUC Trip #83,QF819,CBR-MEL,2018-04-06T17:10:00+10:00,2018-04-06T18:20:00+10:00,WQ6JRS,,WQ6JRS,081-5796248836,L,,73H,6D,FLEX,Fare Basis Code: HPTLDS18;,699.37 AUD
GSU Trip #1,QF834,MEL-CBR,2018-04-16T17:10:00+10:00,2018-04-16T18:15:00+10:00,RPVXRK,,RPVXRK,081-2572696085,L,,73H,,Red e-Deal,,857.19 AUD
GSU Trip #1,QF822,MEL-CBR,2018-04-16T19:30:00+10:00,2018-04-16T20:35:00+10:00,,,RPVXRK,081-2572696085,L,,73H,,Red e-Deal,,857.19 AUD
GSU Trip #1,QF2133,CBR-MEL,2018-04-19T16:20:00+10:00,2018-04-19T17:35:00+10:00,,,RPVXRK,081-2572696085,L,,DH4,,FLEX Y/B,,857.19 AUD
GSU Trip #1,QF819,CBR-MEL,2018-04-19T17:10:00+10:00,2018-04-19T18:20:00+10:00,,,RPVXRK,081-2572696085,L,,73H,,FLEX Y/B,,857.19 AUD
Innisfail May 2018,QF408,MEL-SYD,2018-05-05T07:00:00+10:00,2018-05-05T08:25:00+10:00,WTWSUC,WTWSUC,,081-2482338431,L,,332,,Economy,,1301.03
Innisfail May 2018,QF922,SYD-CNS,2018-05-05T09:40:00+10:00,2018-05-05T12:50:00+10:00,WTWSUC,WTWSUC,,081-2482338431,L,,73H,,Economy,,1301.03
Innisfail May 2018,QF925,CNS-SYD,2018-05-12T11:30:00+10:00,2018-05-12T14:25:00+10:00,WTWSUC,WTWSUC,,081-2482338431,L,,73H,,Economy,,1301.03
Innisfail May 2018,QF443,SYD-MEL,2018-05-12T15:00:00+10:00,2018-05-12T16:35:00+10:00,WTWSUC,WTWSUC,,081-2482338431,L,,332,,Economy,,1301.03
GSU Trip #2,QF814,MEL-CBR,2018-05-14T09:00:00+10:00,2018-05-14T10:05:00+10:00,PBH5U8,,PBH5U8,081-2572876629,L,,73H,,Red e-Deal,Fare Basis Code: LPTLDS18;,644.84 AUD
GSU Trip #2,QF815,CBR-MEL,2018-05-18T15:00:00+10:00,2018-05-18T16:10:00+10:00,PBH5U8,,PBH5U8,081-2572876629,L,,73H,,Red e-Deal,Fare Basis Code: VPTLDS18;,644.84 AUD
GSU Trip #3,QF804,MEL-CBR,2018-06-04T07:00:00+10:00,2018-06-04T08:05:00+10:00,KCKFC2,,KCKFC2,081-2573147566,L,,73H,,FLEX,Fare Basis Code: HPTLDS18;,900.75 AUD
GSU Trip #3,QF819,CBR-MEL,2018-06-06T17:10:00+10:00,2018-06-06T18:20:00+10:00,KCKFC2,,KCKFC2,081-2573147566,L,,73H,,FLEX,Fare Basis Code: KPTLDS18;,900.75 AUD
Tasmania June 2018,SH922,MEB-KNS,2018-06-07T09:15:00+10:00,2018-06-07T10:00:00+10:00,304251,,,0 0038 5716,L,,,,,,
Tasmania June 2018,SH893,KNS-LST,2018-06-08T09:05:00+10:00,2018-06-08T10:35:00+10:00,304252,,,0 0038 5717,L,,,,,,
Tasmania June 2018,QF1016,HBA-MEL,2018-06-11T17:15:00+10:00,2018-06-11T18:30:00+10:00,VZAM4I,VZAM4I,,081-2481551995,L,,73H,,Economy,,469.4
Trip from Melbourne to Canberra,QF804,MEL-CBR,2018-07-02T07:00:00+10:00,2018-07-02T08:05:00+10:00,Q6U54O,,Q6U54O,081-2573382385,B,,73H,,FLEX,Fare Basis Code: KPTLDS18;,652.50 AUD
Trip from Melbourne to Canberra,QF815,CBR-MEL,2018-07-05T15:00:00+10:00,2018-07-05T16:10:00+10:00,Q6U54O,,Q6U54O,081-2573382385,B,,73H,,Red e-Deal,Fare Basis Code: NPTLDS18;,652.50 AUD
Trip from Melbourne to Orlando,QF402,MEL-SYD,2018-09-22T07:45:00+10:00,2018-09-22T09:10:00+10:00,WNTOCA,,WNTOCA,081-2572746678,B,,73H,2F,Business,,11362.39 AUD
Trip from Melbourne to Orlando,QF7,SYD-DFW,2018-09-22T12:35:00+10:00,2018-09-22T13:00:00-05:00,WNTOCA,,WNTOCA,081-2572746678,B,,388,12E,Business Saver,,11362.39 AUD
Trip from Melbourne to Orlando,QF4510,DFW-MCO,2018-09-22T14:30:00-05:00,2018-09-22T18:06:00-04:00,WNTOCA,,WNTOCA,081-2572746678,B,,321,1C,DISCOUNT BUSINESS,Operated by AA (AA2117 in 2023);  American Airlines premier Airbus A321 Transcontinental (32B),11362.39 AUD
Trip from Melbourne to Orlando,QF3068,MCO-DFW,2018-09-29T09:09:00-04:00,2018-09-29T11:03:00-05:00,WNTOCA,,WNTOCA,081-2572746678,B,,321,1C,DISCOUNT BUSINESS,,11362.39 AUD
Trip from Melbourne to Orlando,QF8,DFW-SYD,2018-09-29T21:50:00-05:00,2018-10-01T06:05:00+10:00,WNTOCA,,WNTOCA,081-2572746678,B,,388,17F,Business Saver,,11362.39 AUD
Trip from Melbourne to Orlando,QF419,SYD-MEL,2018-10-01T09:00:00+10:00,2018-10-01T10:35:00+10:00,WNTOCA,,WNTOCA,081-2572746678,B,,332,2A,Business,,11362.39 AUD
